latitude,longitude,area
-25.65562228,28.14823164,321.0832075
-25.65579203,28.14785566,765.050511
-25.6556755,28.14845141,173.5669364
-25.65731027,28.15117833,463.9942617
-25.65721092,28.15082301,41.61657585
-25.66482288,28.18121089,195.8746217
-25.65930614,28.17969357,3581.250823
-25.65769709,28.18062656,573.7380787
-25.65772887,28.18021009,426.5254203
-25.65792306,28.17974204,1147.623498
-25.65820892,28.1673499,108.4659096
-25.65230692,28.13694017,8370.264852
-25.67081276,28.16150178,335.8628212
-25.67103104,28.16143995,75.44565664
-25.67025145,28.16129721,466.0767927
-25.66986915,28.16084342,327.0314641
-25.66976755,28.16002166,254.9699348
-25.66961478,28.1600204,92.02639993
-25.6695364,28.15954812,110.6911117
-25.66111153,28.18844647,252.2292138
-25.66714754,28.1812318,166.6238758
-25.66726686,28.18147352,396.8688369
-25.66959588,28.18021401,107.199946
-25.65823345,28.16363443,90.77966056
-25.65864522,28.16522273,256.7379896
-25.66356739,28.14569765,428.572135
-25.66389096,28.14971254,198.8854257
-25.66371696,28.15070523,93.46662041
-25.66172266,28.14328356,101.5600071
-25.66164938,28.14392934,200.7826056
-25.66828129,28.19475411,84.7606523
-25.66826686,28.19498286,58.16652714
-25.67636305,28.28798201,485.850579
-25.67684671,28.28900412,83.64838751
-25.75088924,28.37373373,145.3370725
-25.75095676,28.37389035,70.37281453
-25.74715939,28.36695139,675.3703934
-25.74642209,28.36852067,810.8602556
-25.74588892,28.36794044,294.2710342
-25.74414509,28.36735307,996.4281864
-25.74355208,28.36801312,11054.67964
-25.74228603,28.36750359,4947.823801
-25.74001386,28.36604439,249.2184429
-25.73998925,28.36634538,475.2798761
-25.7365642,28.36760294,46.22492935
-25.73501684,28.36698288,541.9835949
-25.73561787,28.3671814,98.64181145
-25.73570812,28.36708233,56.69931726
-25.73551474,28.36701384,136.68308
-25.73484992,28.36399261,448.3100704
-25.73418009,28.36638364,201.078455
-25.73284094,28.36645852,821.9597236
-25.7333336,28.3663294,49.03275036
-25.73345852,28.36633356,145.9655075
-25.73730984,28.36796339,66.29394117
-25.73752144,28.36478526,173.4734388
-25.73497485,28.36425677,110.4789194
-25.72991544,28.36636436,70.270248
-25.72998443,28.36701942,100.3762959
-25.72388319,28.35900333,876.7439588
-25.72400459,28.35870884,273.759755
-25.72392541,28.35860559,233.7090881
-25.72308825,28.35869923,82.50082361
-25.72246575,28.36031473,180.8449931
-25.72451608,28.36578369,251.6062676
-25.72397669,28.36601078,543.4622205
-25.7239242,28.36569529,162.0525073
-25.72439385,28.36453003,361.8661932
-25.72407352,28.3642166,139.7132873
-25.72397951,28.36392938,124.3479533
-25.72853506,28.37367135,362.2478164
-25.72586232,28.37985503,591.6178913
-25.72855654,28.37407596,45.40280338
-25.72854619,28.35718408,873.2505602
-25.72819049,28.35694135,182.0422068
-25.72667027,28.3579548,703.0443107
-25.72505895,28.35957687,93.33712579
-25.72545024,28.3608913,82.48622957
-25.72526436,28.36013668,181.425752
-25.73106148,28.35665705,2250.337656
-25.72970092,28.35701445,121.6208373
-25.73404832,28.35576798,1546.548103
-25.73437926,28.35485599,286.7840835
-25.73415243,28.35409206,276.6318151
-25.73387102,28.35215172,1749.050204
-25.73393217,28.3529411,846.8495427
-25.73413344,28.3534878,162.4436614
-25.73656702,28.35548596,1302.717348
-25.74024433,28.35606846,386.9601117
-25.74085389,28.35530731,130.1585756
-25.74117646,28.35460503,238.6846577
-25.74101855,28.35303685,400.5454304
-25.73821925,28.35193441,338.3471607
-25.73801055,28.35217536,115.8070954
-25.73731331,28.35355362,160.5382538
-25.73861367,28.35543086,177.2825772
-25.73633307,28.35177472,256.5012047
-25.73513969,28.35180985,984.946038
-25.73309528,28.34997539,118.2365055
-25.73403697,28.34909816,786.512282
-25.73409626,28.34942021,115.2814624
-25.73478298,28.3498149,51.94451971
-25.7351482,28.34995191,109.0134161
-25.74104862,28.35552566,143.3533852
-25.73921543,28.35491659,219.613626
-25.73983123,28.35390817,99.18466594
-25.73173856,28.34387543,150.3461017
-25.71604007,28.36143576,543.6130554
-25.71644007,28.36162787,132.7174708
-25.71140759,28.36871346,621.0331803
-25.71157782,28.36847455,350.9024199
-25.70931174,28.36792273,265.3546966
-25.70950553,28.36795846,78.02439604
-25.70789324,28.37213961,506.0119111
-25.70858918,28.37286979,319.6636081
-25.7130885,28.36655204,120.1446018
-25.71399857,28.36616143,435.4248204
-25.714352,28.36674408,217.2135492
-25.71405202,28.36907608,762.1787412
-25.71922175,28.3757639,228.9154109
-25.72066086,28.37770211,106.5211294
-25.72173179,28.37553418,195.4899962
-25.72147941,28.37545516,129.1700432
-25.72125768,28.37548195,57.30997208
-25.72154849,28.37566137,169.3898665
-25.72145132,28.37595026,50.94458357
-25.71858274,28.3585081,175.8541932
-25.71863566,28.35833529,115.3962287
-25.71806468,28.35576804,400.5255908
-25.71908868,28.35329293,86.87885681
-25.71933691,28.35255238,71.72901519
-25.71926529,28.35296984,66.86666674
-25.7204245,28.35366888,71.15078095
-25.72093317,28.35346496,328.57278
-25.72036493,28.3595574,465.0969228
-25.72082018,28.35826853,378.4732539
-25.72084006,28.3593043,184.5392573
-25.72883104,28.39112132,386.3407084
-25.72910226,28.39323436,395.0375013
-25.72959348,28.39551265,72.1189353
-25.72520398,28.39748165,2593.487933
-25.72579816,28.39825718,1089.104007
-25.72594117,28.39797882,209.1721712
-25.72997192,28.38796504,197.3878382
-25.73013903,28.38819947,164.3587806
-25.7277057,28.38687836,248.2316981
-25.72978614,28.39766368,89.45764727
-25.7309524,28.39619075,31.01096334
-25.73111765,28.39602632,21.91058526
-25.72946481,28.38765295,33.80842326
-25.72785731,28.38422062,51.62219745
-25.72658049,28.38445783,212.7083934
-25.72598176,28.38096565,67.76415041
-25.74046763,28.3864884,81.5969542
-26.06317146,27.90493801,153.888828
-26.0662463,27.90883336,77.1339458
-26.06842115,27.9119429,185.3791355
-26.27054625,27.86264349,76.44341125
-25.74038836,28.38422011,1150.113804
-25.74032977,28.38371076,126.2828271
-25.74032087,28.38338562,97.43030843
-25.74039496,28.38284372,134.5802148
-25.74135162,28.37537573,171.0198859
-25.74059503,28.37454657,93.89501069
-25.74076542,28.37412226,101.7450955
-25.7408664,28.37388735,31.2541051
-25.74094194,28.37383355,24.02360384
-25.74154126,28.37311585,253.8995781
-25.7415041,28.37291199,118.7950566
-25.74113563,28.37379241,49.41448901
-25.74188582,28.37243287,122.2651625
-25.74960784,28.35819858,2776.586163
-25.75001908,28.35785738,378.0303831
-25.75009691,28.35819922,190.2243908
-25.75024886,28.35797842,213.461053
-25.75317173,28.35337291,310.8588804
-25.75363084,28.35297999,84.10373251
-25.75369367,28.35272563,98.53304052
-25.75648574,28.35480233,4222.942963
-25.75722489,28.35418748,2051.021816
-25.75775428,28.35482244,149.2506868
-25.75788007,28.35505302,90.6278626
-25.72125411,28.34509017,136.0234469
-25.72130878,28.34490299,44.75318486
-25.72079117,28.34486116,59.4760584
-25.72089769,28.34397886,138.019566
-25.72076442,28.3440626,68.47473819
-25.71996169,28.34400315,3130.34878
-25.7193225,28.34377284,457.0157685
-25.71874411,28.34375575,197.5300247
-25.71834113,28.33243902,385.9554501
-25.71858718,28.33205147,965.7836735
-25.71891085,28.33242464,344.0265181
-25.71613799,28.32749172,328.0348651
-25.71614865,28.32783783,175.5683547
-25.71610248,28.32815798,191.0653116
-25.71615521,28.32675671,119.751766
-25.71613038,28.32584143,48.36461486
-25.71621812,28.32508114,244.9388387
-25.71623401,28.32341036,437.6962019
-25.71584222,28.32514322,786.2907004
-25.71523772,28.32631419,54.70884593
-25.71518629,28.32579259,56.09445678
-25.71589521,28.32357001,554.2016271
-25.71301133,28.32083,107.2323514
-25.7128168,28.32271036,269.7313004
-25.71310882,28.32312631,190.7553809
-25.71026095,28.32854516,424.6949321
-25.70965889,28.32914551,264.4727188
-25.70961139,28.32935729,234.2290583
-25.70903103,28.32920178,157.655103
-25.70928259,28.32821244,149.8328134
-25.70893423,28.32718633,283.6071159
-25.70878175,28.32455393,670.3663425
-25.70853657,28.32433809,181.1900256
-25.70672725,28.32395651,481.9683952
-25.70545666,28.32391648,442.4820564
-25.70441197,28.3191138,490.7479076
-25.70968957,28.32086773,285.3457412
-25.71461726,28.33699524,1360.694073
-25.71467959,28.33750209,47.97491912
-25.7147034,28.33594247,249.3607938
-25.70853071,28.33847521,87.22552853
-25.70817846,28.33805622,431.2105723
-25.70687803,28.33703115,182.3888868
-25.70774093,28.33754256,150.9192696
-25.70916673,28.33840461,347.6869438
-25.70952337,28.33876628,250.9319646
-25.71067451,28.34246044,76.10936532
-25.71063198,28.34227964,52.4855212
-25.71052463,28.34236075,67.76528927
-25.71026299,28.34542464,502.1557598
-25.70983207,28.34548965,421.142934
-25.70951883,28.34569948,120.5133273
-25.70950712,28.34508801,102.0140872
-25.70958089,28.34543381,139.2450803
-25.70763372,28.34614968,456.6583135
-25.707758,28.34569346,449.1051194
-25.70775209,28.34443669,89.37307524
-25.70712641,28.34197261,216.1294804
-25.70722749,28.34207423,33.83184706
-25.70731986,28.34207332,67.10329971
-25.70747031,28.34207121,50.60450276
-25.70760779,28.34210042,64.30869775
-25.70780673,28.34301723,59.64598277
-25.7033743,28.3360066,1270.101095
-25.70019278,28.33204158,222.5129548
-25.69968257,28.33107477,457.919824
-25.69646078,28.33079574,134.2206339
-25.69818521,28.32905907,672.8845803
-25.69835471,28.328552,137.205931
-25.70081787,28.33421843,231.6802601
-25.73972029,28.34700937,206.2978247
-25.74007097,28.34589904,149.7648494
-25.74002133,28.34679735,327.7123696
-25.74012435,28.34552904,104.3669487
-25.74639618,28.35386017,677.5578408
-25.74686555,28.35530563,168.9649487
-25.74685746,28.35497699,250.6910875
-25.74656688,28.35729454,513.8317879
-25.74652625,28.35686934,36.02306845
-25.74580699,28.3564802,102.6263345
-25.74593908,28.35656829,32.41345841
-25.74770403,28.36074564,169.3197872
-25.74778376,28.36155699,81.09874981
-25.74831785,28.36355137,270.9016962
-25.7480948,28.3637405,80.89571286
-25.7469111,28.36450831,572.9506297
-25.742744,28.35803726,353.5300628
-25.74254844,28.35824823,142.6958401
-25.742468,28.35799224,106.8246691
-25.74388919,28.34901249,842.7688912
-25.74418627,28.34768585,75.11471157
-25.74445578,28.34463097,596.7560328
-25.74460718,28.34556196,199.9926879
-25.74499148,28.34614471,79.79697992
-25.82299128,28.31669075,7517.690558
-25.82388905,28.31801008,6933.951465
-25.83054124,28.30872659,3799.710544
-25.82886096,28.30826073,3228.435236
-25.83215681,28.30903896,4578.227629
-25.83228044,28.30846728,721.3733526
-25.8313156,28.30521569,688.1757087
-25.83304181,28.30528028,701.4366886
-25.83829671,28.09146733,313.7120994
-25.83882998,28.09101785,234.6620374
-25.83888697,28.09079858,176.9429333
-25.83929461,28.09120276,298.7040438
-25.8362548,28.09276045,109.9799991
-25.84199226,28.09453351,351.4970067
-25.84085481,28.09344032,1561.220364
-25.84615062,28.09813932,621.032312
-25.85044644,28.09006781,9772.793055
-25.85103157,28.0912633,15412.68084
-25.85016288,28.0944496,53251.00711
-25.85048959,28.1003943,630.6327599
-25.85096261,28.10024392,707.4346067
-25.85120782,28.09868857,1847.249337
-25.85216577,28.09686836,664.5678504
-25.85216451,28.0959235,1762.219777
-25.84699983,28.09292412,354.5816446
-25.84720936,28.09237363,175.5498545
-25.84744073,28.09230168,158.2213533
-25.83880413,28.09126176,439.1859759
-25.83822667,28.09123644,344.3315094
-25.83922473,28.090945,294.7960903
-25.82573089,28.08335111,11163.90329
-25.82610292,28.08141404,1276.234192
-25.82524747,28.0813594,228.2106153
-25.82569122,28.08150672,959.5460266
-25.82663954,28.08181379,304.2175808
-25.82417407,28.0819091,283.1072342
-25.8241911,28.08243578,154.6730736
-25.82480106,28.08339167,200.1227444
-25.82572544,28.08500924,202.5215859
-25.82558804,28.08435011,134.088977
-25.77675464,28.00982047,335.0588262
-25.77620191,28.0134098,108.353525
-25.77044802,28.03142039,413.4553401
-25.76925324,28.03434953,508.5109742
-25.76785193,28.03613306,490.9949158
-25.7682278,28.03696165,70.13562506
-25.76717292,28.03958045,852.2279988
-25.76550216,28.04790386,71.01977715
-25.76544334,28.04729695,90.35994854
-25.76544037,28.0470901,28.9729645
-25.76535388,28.04324876,125.8859219
-25.7713331,28.02923595,500.6667296
-25.78454265,28.02697097,282.1992584
-25.78531761,28.02730555,71.38711489
-25.78522388,28.03008719,584.1002713
-25.78523405,28.03569744,175.6536062
-25.78635532,28.03524077,447.4802921
-25.78327297,28.04309898,756.8069321
-25.78372149,28.04309088,175.18939
-25.78402754,28.04165483,83.61765543
-25.78420782,28.04114175,82.65017064
-25.78154947,28.05657814,2011.465166
-25.78283067,28.05531144,1396.852702
-25.78236354,28.05977913,1562.701416
-25.7823503,28.0682265,949.6030056
-25.77433188,28.09019898,425.0525299
-25.77503113,28.09013514,388.7110324
-25.77565859,28.09036567,250.4160981
-25.77951747,28.08019234,135.7781698
-25.78975482,28.06226409,489.7857354
-25.78867537,28.06351628,89.18334043
-25.78794644,28.06914601,75.46369117
-25.78807764,28.06922023,46.73099466
-25.78755062,28.07115648,133.6594891
-25.78759526,28.07251918,692.4893591
-25.78742426,28.07329097,572.7934434
-25.78809426,28.07942894,1590.144331
-25.78698412,28.08274544,72.08470799
-25.78943312,28.07902317,371.8324014
-25.79038429,28.07915089,683.3901685
-25.79013595,28.07902823,254.8227957
-25.7899181,28.07897417,518.7587188
-25.79129024,28.07930741,375.2644632
-25.79126437,28.08034623,439.9717201
-25.79145233,28.08015619,252.24903
-25.79136638,28.08250077,201.4220061
-25.79149883,28.08210439,64.91312015
-25.79162739,28.08164789,173.0111894
-25.78851073,28.08214857,391.3807157
-25.78890376,28.08157183,244.1727975
-25.78921945,28.08147785,392.7569129
-25.78581509,28.0882584,156.3979192
-25.792277,28.07798067,94.29698564
-25.79486378,28.07299603,123.263678
-25.79459724,28.07059216,91.47218526
-25.78975158,28.06810843,112.3116731
-25.79006342,28.0681067,118.2241548
-25.78726849,28.05938268,647.8533175
-25.78775426,28.05753721,188.4733502
-25.78872531,28.05336043,153.4363425
-25.78893659,28.05329753,66.43090457
-25.78640225,28.04871376,355.474488
-25.78546201,28.04726937,49.83199372
-25.78471028,28.04658352,122.4299291
-25.78548691,28.04394012,102.7294952
-25.78651151,28.04083587,52.73699719
-25.78419706,28.03958596,69.63720116
-25.78472003,28.03953984,55.75617667
-25.78423522,28.03971423,35.3130456
-25.78468015,28.03668972,62.11363875
-25.79135704,28.0400131,121.3325815
-25.7900632,28.0404348,54.55975703
-25.7962588,28.04169198,47.74866943
-25.79489553,28.0339991,75.48982363
-25.79302007,28.03316332,53.37888045
-25.79317745,28.02140352,136.0661169
-25.79341061,28.02159299,129.9684645
-25.79271027,28.02019636,46.65413552
-25.7927775,28.0194428,45.52232052
-25.79414711,28.01534726,51.08671438
-25.79423966,28.01664131,40.01081883
-25.79427842,28.01064705,233.3723751
-25.79472277,28.01074206,47.10713501
-25.79334579,28.0083716,763.3072511
-25.78644629,28.03369361,162.9360962
-25.77235983,28.04137181,180.503392
-25.7713985,28.04154038,66.93584813
-25.77039111,28.0455406,64.55101684
-25.77028252,28.04542662,49.12214149
-25.78311776,28.03239518,116.783864
-25.7764035,28.03634773,82.82919532
-25.77510987,28.03448364,814.9080113
-25.77436006,28.03420852,104.474471
-25.77428348,28.03408298,56.88327523
-25.77351139,28.03353254,92.14798629
-25.77339701,28.03295128,34.79997991
-25.77967439,28.05060752,430.0749513
-25.7800596,28.05116716,80.22572182
-25.77912765,28.04558792,146.4683752
-25.77919263,28.04590505,302.2167408
-25.77887398,28.04656754,47.9019028
-25.7786506,28.04522781,1301.134408
-25.78086213,28.04255577,103.2112589
-25.78100948,28.04197142,80.19174606
-25.7765803,28.04186463,271.8076561
-25.78038284,28.03987334,75.41645726
-25.78052158,28.04150692,61.8778352
-25.77860699,28.07471406,318.1563
-25.77906907,28.07417646,179.7041986
-25.77864848,28.07417662,126.8270536
-25.77844248,28.07414455,78.96952403
-25.77501102,28.06096592,116.4220031
-25.77330278,28.06002312,41.32447096
-25.77230633,28.0644939,799.1946302
-25.77256825,28.06404409,148.7972338
-25.77019085,28.06328889,164.5657706
-25.7716692,28.06262941,83.04895946
-25.77313238,28.0638903,53.2907297
-25.71344961,28.29003645,228.1251491
-25.71360451,28.2898578,117.7195644
-25.71315825,28.29030381,632.5415114
-25.71276148,28.29026357,259.3320075
-25.71274029,28.29085349,253.0431959
-25.71278681,28.29054849,219.678827
-25.71252481,28.29062689,204.991082
-25.71209774,28.29030752,162.2433124
-25.71217695,28.29046131,114.2726412
-25.71191924,28.29036226,459.3482826
-25.87017122,28.08457666,55797.75882
-25.90028067,28.08977546,315.0979994
-25.900555,28.08991461,179.0527076
-25.89872879,28.09113146,530.620246
-25.89955468,28.0929764,125.7613004
-25.89970055,28.09412805,87.86938004
-25.89925136,28.09484477,300.8031762
-25.90062724,28.0914798,56.94552199
-25.9001198,28.09156747,49.83474336
-25.89959963,28.09189455,56.37610914
-25.90108575,28.09428193,173.9720093
-25.90104112,28.09445419,112.0780968
-25.90137567,28.09460943,241.1324099
-25.90298829,28.09522127,147.0423361
-25.90407975,28.0878062,563.091465
-25.90360614,28.08772031,218.4411363
-25.90428672,28.08925971,157.6461193
-25.90448601,28.09106862,382.9171337
-25.90394034,28.09105413,315.9474826
-25.9045065,28.09147959,271.6226264
-25.9044119,28.09218502,474.7991452
-25.90492656,28.09381616,246.1617492
-25.90446303,28.09384376,235.5952523
-25.90462264,28.09404313,757.9062782
-25.90449169,28.09462379,157.7449315
-25.90490886,28.09517093,90.56543191
-25.90534954,28.10032478,799.000188
-25.89786145,28.09452786,684.1927423
-25.89803988,28.09377865,301.4531774
-25.89678848,28.09292009,290.8619182
-25.90607127,28.11951392,751.8061117
-25.90626358,28.11973351,752.0890296
-25.90522702,28.12115514,2072.335734
-25.90580538,28.12202615,6668.278493
-25.90623427,28.12281396,13316.71917
-25.90195334,28.12236425,266.7965288
-25.90204246,28.12264352,142.2376658
-25.90213757,28.12239931,174.7465296
-25.90239753,28.12284473,715.6821672
-25.90251279,28.12335199,629.4850775
-25.90903673,28.11695936,78.05724348
-25.91259723,28.11457944,343.1009501
-25.9133929,28.11615087,293.216626
-25.9138452,28.11735487,158.6726035
-25.91416644,28.11691403,787.7316438
-25.91538846,28.11701297,549.7244467
-25.9109928,28.11270906,410.7582011
-25.9118104,28.11515413,189.5895284
-25.90613528,28.11997399,113.2575661
-25.90924179,28.12120829,277.8858742
-25.91191678,28.1200086,283.2866114
-25.91415667,28.12200521,51.10846207
-25.91417012,28.11423973,211.9105954
-25.91595373,28.1118419,1270.048893
-25.91790422,28.10942373,326.6866191
-25.91851524,28.10795252,634.4244951
-25.92025649,28.10572632,184.7807824
-25.91993463,28.10299727,225.1815464
-25.9196359,28.104231,102.0408046
-25.91988047,28.10382502,142.7418557
-25.92188294,28.10769512,417.878729
-25.92025371,28.1071784,110.2376019
-25.92001644,28.09976434,100.9911239
-25.92146396,28.09496087,573.6760782
-25.92052064,28.09451378,545.5527481
-25.92412103,28.09369411,599.0143047
-25.92402821,28.0922905,188.7532257
-25.92476807,28.08667913,219.5990596
-25.92476205,28.08538125,1594.054362
-25.92014741,28.08498054,391.7023872
-25.92010428,28.0856672,356.0487344
-25.91841492,28.08664716,117.4097923
-25.91868486,28.08741256,464.8472406
-25.91822107,28.08773712,177.213328
-25.9183318,28.09077142,65.22050244
-25.9187748,28.09568044,110.5224126
-25.9202109,28.09842699,558.8243077
-25.9210316,28.09196371,765.3787809
-25.92065007,28.09110916,558.2483836
-25.92120344,28.09045418,154.1615324
-25.92155964,28.09442509,153.9818364
-25.92164809,28.08567968,474.2432283
-25.9178966,28.08564314,93.10911693
-25.91573316,28.08569986,222.9343858
-25.9261202,28.09947282,534.2842288
-25.92568473,28.10050563,434.5131818
-25.92396458,28.108357,60.96841817
-25.9289622,28.09848296,226.5465766
-25.93405884,28.0972288,228.936537
-25.92577257,28.01889233,315.1943988
-25.92504347,28.01953264,93.71516478
-25.92542649,28.01901368,55.26483231
-25.92593608,28.02062595,92.60232286
-25.92599097,28.01636384,87.09375139
-25.92604143,28.01588423,62.15439583
-25.92620788,28.01539852,48.6816391
-25.92596533,28.016043,43.77971863
-25.92652178,28.01399039,49.08489106
-25.92655868,28.01320976,145.2914742
-25.92526417,28.01288758,136.967099
-25.92416241,28.01239236,197.1499165
-25.92570641,28.01309018,28.22769728
-25.92764343,28.01368193,395.5324787
-25.92688482,28.01311584,327.2247759
-25.93092563,28.00978395,230.5958838
-25.93110756,28.00846212,46.96670798
-25.93241278,28.00968556,90.2000165
-25.93213803,28.00896547,295.3908333
-25.92735068,28.00766215,89.97150057
-25.92767263,28.00858982,246.6827165
-25.93541885,28.00804824,76.52773392
-25.93980532,28.00642372,97.47344985
-25.93960972,28.00702634,39.35088898
-25.93997117,28.00633053,111.5613956
-25.93970835,28.00949291,60.66697316
-25.93964735,28.00958991,25.62020442
-25.94066166,28.00799347,189.5569976
-25.9403006,28.00350893,781.7265687
-25.93848141,28.00222568,210.2313693
-25.93894482,28.00200347,734.745894
-25.93738951,28.00005917,413.1054684
-25.93623765,28.00026192,147.9003306
-25.93485089,27.99880143,193.8938727
-25.93554539,27.99954776,69.61617309
-25.93604319,27.99894994,205.4865483
-25.93570853,27.9985389,110.6048136
-25.93343997,27.99611319,139.3315487
-25.93416384,27.99617231,406.7563709
-25.93873471,27.99470788,63.62759271
-25.93887489,27.99497161,482.9407616
-25.93934394,27.99566531,461.6519357
-25.93986824,27.99594431,223.5930817
-25.94094443,27.99701598,621.0876782
-25.94337717,27.99927098,133.9949693
-25.94195731,28.00092033,61.63973738
-25.94153867,28.00138454,45.05134465
-25.94164845,28.0012902,51.51377745
-25.9369314,27.99193842,165.3520218
-25.93698856,27.99233449,34.06789751
-25.93702795,27.99260456,56.07191724
-25.93702971,27.99273084,43.81385164
-25.94496251,28.01622844,691.7701219
-25.94348957,28.014538,166.8559589
-25.91271564,28.09836786,243.5154732
-25.9075761,28.0897596,473.159768
-25.90900401,28.09709612,99.86027142
-25.90826407,28.1008777,99.76489744
-25.91062119,28.09078399,225.6357226
-25.91089697,28.09484679,70.71677951
-25.91245737,28.09318927,62.30768779
-25.9140191,28.09458267,222.1263876
-25.91423194,28.09480714,850.9556338
-25.91705107,28.09620182,158.903581
-25.92507961,28.0822614,1241.574016
-25.96071465,28.20688011,163.7167125
-25.96269165,28.2055771,84.02902099
-25.9617567,28.20574091,61.98105652
-25.96340189,28.20528652,108.0849912
-25.9655043,28.20522972,72.44211635
-25.96689365,28.20691297,104.9751255
-25.96782771,28.20766244,152.8121686
-25.96781809,28.20749272,104.5699384
-25.96893087,28.20823246,50.47415302
-25.96912231,28.20820726,108.8474348
-25.97245992,28.21032213,218.3138328
-25.97284384,28.21026132,230.9884004
-25.9726184,28.20982242,247.6450764
-25.97254131,28.21001348,397.2234042
-25.97214136,28.20959538,74.85962965
-25.97381743,28.21036671,102.6717788
-25.9757465,28.21437158,128.0663881
-25.97652165,28.21268043,55.82330654
-25.97674487,28.21194297,56.84367054
-25.97656705,28.21205921,152.5750257
-25.97701299,28.21202395,58.94647517
-25.97708668,28.2121014,65.86917889
-25.97754405,28.2125223,95.07304042
-25.97867869,28.21357143,733.7726793
-25.98056878,28.21434205,139.5941025
-25.9798304,28.21406463,80.43826231
-25.98260726,28.21781114,161.7453377
-25.98384342,28.21554951,1045.767832
-25.98681734,28.21815641,1120.650041
-25.98880455,28.2184611,209.4746158
-25.99008538,28.21834698,182.4878428
-25.98989564,28.2169628,444.7060642
-25.99170941,28.21434264,420.3996266
-25.99348293,28.21581948,79.7408876
-25.99338916,28.21599394,173.3229186
-25.99456282,28.21654871,196.9597329
-25.99411783,28.21537804,187.5711373
-25.96778044,28.20414403,235.694833
-25.96821689,28.20439164,106.8444746
-25.96801192,28.20430147,101.0418984
-25.96848494,28.20444937,198.5541656
-25.96739313,28.20362086,76.83552208
-25.96824993,28.20346502,43.00609037
-25.96850467,28.20342227,44.8682913
-25.9687511,28.20338316,60.61109386
-25.96893376,28.20336022,35.07364749
-25.96919902,28.20333543,35.99567446
-25.9694031,28.20330307,79.75606248
-25.9696276,28.20331568,53.24579716
-25.97016571,28.20321295,27.46610716
-25.97185166,28.20184133,2368.614324
-25.97194857,28.2013774,125.3561844
-25.97367775,28.20018479,127.1821057
-25.96614515,28.19773994,800.1789042
-25.96836745,28.19820353,2258.555309
-25.97730413,28.19467394,440.1342082
-25.97593651,28.19659979,1703.818354
-25.9764898,28.19627955,635.6264715
-25.97645631,28.19780916,609.7485406
-25.97546602,28.19697595,80.79112654
-25.97915876,28.1966563,180.5317294
-25.98139685,28.19427578,10583.62912
-25.97821683,28.19097698,207.7097272
-25.98446333,28.19581909,117.9328166
-25.98556631,28.19715226,88.81508541
-25.98567225,28.19726133,113.0065522
-25.98486846,28.19500793,1130.631496
-25.98725408,28.19374818,1208.347609
-25.98819201,28.19353608,323.6863258
-25.98827557,28.19141939,127.789546
-25.98994752,28.19083277,81.08344677
-25.99039876,28.18783724,96.38779348
-25.99036046,28.19312304,420.5927725
-26.00063724,28.1926823,87.37798453
-25.99004551,28.18404589,149.9503212
-25.98981573,28.18414672,75.00375488
-25.9899177,28.18363754,436.5119544
-25.98702537,28.18101676,42.54559732
-25.99022653,28.18231669,44.22734448
-25.99097606,28.17825634,84.57475542
-25.99192507,28.1768555,253.2029035
-25.99136876,28.176421,467.9494746
-25.99173695,28.17576543,1422.606309
-25.99242012,28.17574762,50.22449698
-25.99278539,28.17268064,467.8473511
-25.99628588,28.17407851,139.783245
-25.99694895,28.17362132,113.7274283
-25.97421832,28.21217061,268.5854407
-25.9807967,28.2216739,372.8892227
-25.97995934,28.22326902,198.6537561
-25.97964879,28.22504258,144.1791718
-25.98279831,28.22483555,307.0132824
-25.98278284,28.22385476,101.4996196
-25.98270658,28.22226871,117.4834543
-25.99037604,28.2196937,102.0696386
-25.99014469,28.22018452,137.5314356
-25.98957292,28.21844922,66.6492042
-26.00492103,28.20188866,184.0806044
-26.00516464,28.20219274,732.3388103
-26.00393744,28.20331294,184.2852902
-26.00916639,28.19542773,248.6768367
-26.01126247,28.19877818,65.6852487
-26.01507653,28.20661639,142.916091
-26.02465739,28.20607979,142.285095
-26.02500278,28.20557818,93.3593231
-26.02654583,28.20717164,120.0097831
-26.02684528,28.20741768,68.92733675
-26.02876579,28.20884734,235.6146758
-26.02870475,28.2099592,216.727218
-26.02875784,28.21038171,344.1185156
-26.02870067,28.21066369,79.63760365
-26.02861775,28.20985018,106.4484021
-26.02870586,28.21082487,64.00582426
-26.03009668,28.21058419,246.6116834
-26.03385685,28.21772805,209.4652387
-26.03679689,28.21847077,1211.551885
-26.03286055,28.2138934,68.57887378
-26.03375782,28.21356314,93.66977487
-26.03371079,28.21367551,54.47932741
-26.03720772,28.21542613,32.09682326
-26.03711384,28.21445061,73.55872998
-26.03714999,28.21461876,44.13319326
-26.03696064,28.21301978,142.2075594
-26.03152768,28.21058793,52.97934705
-26.02539229,28.20682328,54.3043282
-26.0322453,28.19964571,109.361489
-26.03189019,28.1999929,23.74614973
-26.02211465,28.19698318,229.8918306
-26.01173353,28.19311852,150.0949893
-26.01637324,28.18716742,124.8006433
-26.01635567,28.18685812,102.1458081
-26.01654883,28.18643726,369.2199517
-26.01803168,28.18524564,297.122685
-26.01791967,28.18634906,74.55735846
-26.01807493,28.18630023,59.36387272
-26.02068065,28.18044083,64.02677996
-26.02075918,28.18053455,51.95425444
-26.0256713,28.17389241,75.77680593
-26.02688926,28.17215688,254.5612926
-26.02708603,28.17201737,419.2929017
-26.02764747,28.17131158,101.6228929
-26.02833315,28.17272716,389.5329293
-26.02894013,28.17152539,177.7622873
-26.0304183,28.17867988,125.5197425
-26.02869263,28.17813178,122.7737403
-26.03559666,28.17806676,308.5419057
-26.03547855,28.17592594,111.2373782
-26.03543974,28.17535583,104.5657294
-26.03900927,28.17882135,173.812398
-26.03920184,28.17965262,141.4335295
-26.03932314,28.18008622,27.25521133
-26.03180994,28.18795762,136.4183984
-26.03273062,28.18932357,93.72871223
-26.03446811,28.18892711,116.7803393
-26.03961776,28.18918611,496.1212139
-26.04368801,28.18704342,101.7078616
-26.04460208,28.18683482,150.7379338
-26.03479065,28.17510345,176.9245255
-26.04009179,28.17931604,118.9017215
-26.05185101,28.18438124,162.7456201
-26.04831328,28.17552392,338.7593594
-26.04850589,28.18058645,168.2130374
-26.02207934,28.24311176,232.5258911
-26.02157641,28.24239,149.5756675
-26.02127541,28.2421838,54.16422168
-26.02049088,28.24163654,183.6020677
-26.01995745,28.24132315,184.203101
-26.024914,28.24479038,153.1823814
-26.01413286,28.2479615,49.23399389
-25.99235883,28.23871943,414.9149496
-25.98766747,28.23259405,793.6849642
-25.9824828,28.23263289,724.6833596
-25.97962248,28.23072678,175.0171022
-25.98528505,28.23452435,128.764896
-25.99569181,28.21506327,118.9793475
-25.99594969,28.21547674,99.31173416
-25.96486811,28.2029559,209.6843603
-25.96400191,28.20153642,250.4052665
-25.9640355,28.20174049,70.08558401
-25.96367211,28.20066379,188.4838703
-25.96510006,28.19926872,757.1017175
-25.98095699,28.21199599,469.4789456
-25.98171555,28.21169885,141.162559
-25.98660332,28.21288143,108.1838625
-25.98864214,28.21294148,121.8451165
-25.97282518,28.20480167,587.8499715
-25.97051797,28.20437081,132.4661978
-25.97697529,28.20621789,208.7729165
-26.0161838,28.22745693,138.1979438
-26.01706638,28.22931904,36.07470049
-26.01729729,28.22968336,141.5698845
-26.01778774,28.22968258,44.41032826
-26.01951399,28.22826583,136.4633283
-26.02187173,28.23544243,660.6734893
-26.01947356,28.23389172,156.3720293
-26.01620449,28.23841636,65.04360232
-26.02575134,28.23184995,65.8130414
-26.02612569,28.23259963,131.0577685
-26.02781102,28.23341634,168.0410512
-26.0290114,28.23345426,233.957402
-26.02602707,28.24290812,132.3269304
-26.02723233,28.2395259,110.8678675
-26.0313086,28.21201279,86.18135205
-26.03702068,28.2139979,128.609334
-26.10035481,28.26922892,133.8578614
-26.10093247,28.26966609,101.485517
-26.10105307,28.26982917,92.06185752
-26.10014883,28.27053607,102.5217137
-26.10006997,28.27208699,95.2830897
-26.10225668,28.26910678,142.7216643
-26.07984515,28.27013609,1212.358515
-26.07947952,28.27086931,1127.35101
-26.079988,28.27119345,112.1379108
-26.07966804,28.26814116,206.4854615
-26.10661754,28.20632646,669.7019996
-26.26402266,28.45602284,8070.652637
-26.26372921,28.45721056,1053.569659
-26.26450473,28.45654131,5085.382077
-26.29200254,28.41622918,2078.482119
-26.29238935,28.41695357,762.1995484
-26.29317907,28.41742539,429.2310864
-26.29466242,28.4161354,11029.26502
-26.29351305,28.4175934,920.4735817
-26.2944794,28.41841392,930.1455808
-26.28766805,28.41787136,8712.990192
-26.28828517,28.41846751,2697.400326
-26.28664362,28.41978143,587.809841
-26.30914822,28.40111109,639.9533259
-26.30949858,28.39942966,511.2449121
-26.30686924,28.3997181,301.6306817
-26.30363753,28.40036217,299.6683405
-26.3040243,28.40012867,95.72967386
-26.29826093,28.40253124,61.61578217
-26.30110369,28.40167549,111.5404813
-26.30345948,28.40742295,349.0515596
-26.30401761,28.40877831,207.1997182
-26.30273328,28.40881003,128.3534804
-26.29979576,28.41323086,359.0923664
-26.29874369,28.41506598,174.545183
-26.29894465,28.41551478,300.0818022
-26.29952225,28.4151455,109.2714202
-26.31494296,28.42462216,240.7623683
-26.32129861,28.41404595,105.3282666
-26.32086009,28.41540296,86.07015973
-26.32211584,28.4185175,301.6517125
-26.32279499,28.41894581,505.5227261
-26.32366289,28.41973582,59.0533173
-26.32551779,28.41552717,206.0717412
-26.32618526,28.41644846,155.1177998
-26.32603668,28.41632158,127.5789557
-26.32650274,28.41429941,654.9154638
-26.32805429,28.41683546,1014.828777
-26.32836209,28.4170592,307.050884
-26.32505449,28.41103722,1287.886925
-26.32415598,28.4089978,294.1801775
-26.31883887,28.40521159,206.909791
-26.31896213,28.405622,81.29546911
-26.32045418,28.40784164,326.9136819
-26.32043012,28.40683637,82.83339189
-26.31889111,28.41375772,119.4842034
-26.3079171,28.42346109,361.068211
-26.30825318,28.42431071,30.18062668
-26.33868365,28.39935402,354.8404505
-26.33941983,28.39936077,344.8258809
-26.33776839,28.39976276,68.15992948
-26.34109928,28.40168198,188.4169554
-26.34015038,28.40417425,103.368927
-26.34033658,28.40896265,717.3416392
-26.34168801,28.40906092,342.9193819
-26.34444342,28.40288235,327.7065599
-26.35463433,28.40169006,680.9470631
-26.35499882,28.40078608,384.0526716
-26.35880794,28.4011121,417.6841929
-26.3610642,28.40604041,230.2035993
-26.35813156,28.3990412,357.2954021
-26.35538654,28.39268758,1230.344171
-26.35405337,28.39256995,496.8338995
-26.34969981,28.39715652,372.1194506
-26.34775428,28.40053963,349.7826985
-26.34243119,28.39653871,520.0450609
-26.34331619,28.39690145,386.2874129
-26.33256149,28.39307876,334.8611993
-26.33489681,28.39283664,187.043812
-26.33005418,28.39085405,82.98048116
-26.33049318,28.39131287,344.4670791
-26.32971676,28.39617295,152.4378422
-26.33395738,28.39693164,177.9701894
-26.34620636,28.40195357,36.31740964
-26.34986367,28.3995107,66.38315951
-26.35032754,28.39986151,62.49425915
-26.34915485,28.39982155,55.36169388
-26.35375221,28.39620509,231.0637239
-26.35640317,28.39985893,108.5101434
-26.36420775,28.40622785,315.2350964
-26.36419688,28.40685333,283.5264734
-26.36579987,28.40507456,191.8692115
-26.36480689,28.40429352,37.84269194
-26.36776269,28.40112892,85.1495784
-26.36947265,28.39751953,221.3472164
-26.3722685,28.39774851,451.5144492
-26.37752425,28.394241,550.8114734
-26.37833703,28.39310261,287.5677801
-26.37890425,28.39306604,500.7855293
-26.37691366,28.3849423,448.3970758
-26.37719996,28.38493208,131.5998336
-26.37876296,28.38444459,403.9935609
-26.37826474,28.38414984,75.33104009
-26.37762841,28.38448626,81.95434906
-26.37967387,28.38642198,141.2586034
-26.3747232,28.39399867,505.9369897
-26.36391508,28.39935349,457.0038174
-26.36011518,28.3926604,946.2059406
-26.35753048,28.39475133,196.5646027
-26.35798074,28.39325108,216.1891011
-26.36391596,28.38045414,1150.856325
-26.36456831,28.37986685,211.9568641
-26.36508907,28.37885464,145.8719488
-26.36649629,28.37741315,68.00565043
-26.36686884,28.37743462,202.9807332
-26.36566637,28.37801787,624.1069111
-26.36611648,28.37530126,622.2428226
-26.36755867,28.37637425,196.6070283
-26.36893595,28.37380736,305.925238
-26.36895119,28.37352307,263.7988069
-26.3706419,28.372022,286.1037033
-26.37047039,28.37177847,194.7194437
-26.37264264,28.3711508,441.3178699
-26.37213548,28.37577277,690.0949083
-26.3888928,28.39652957,1005.33449
-26.38775332,28.39752858,226.0886994
-26.38813141,28.39670642,111.8114753
-26.38808616,28.39854855,194.0411199
-26.38911191,28.40119459,183.1118621
-26.38945304,28.40447948,115.4349003
-26.38978827,28.40435271,300.3873657
-26.38512328,28.40883009,203.8907724
-26.38587175,28.40923632,137.2080338
-26.38559875,28.408835,420.2911327
-26.38529973,28.41051148,527.27133
-26.38640657,28.41099629,655.9108311
-26.38806347,28.41935872,551.6576588
-26.3880875,28.41984886,94.27082807
-26.39075119,28.41206306,664.4998569
-26.38892233,28.41024082,301.1102911
-26.38927871,28.41038265,317.5269999
-26.37053665,28.41501913,306.8415279
-26.37006077,28.41462718,539.1056557
-26.37191228,28.41608895,404.4244035
-26.3681674,28.41319455,483.3507121
-26.36666188,28.41211775,646.5394564
-26.36775688,28.41303094,235.4054514
-26.36475701,28.41063251,551.9217795
-26.36511937,28.41086943,470.6308399
-26.36263511,28.39355406,163.5961674
-26.36471027,28.39607958,136.2700078
-26.37340354,28.40129004,145.0426522
-26.37405576,28.40198702,220.7999493
-26.37379659,28.40025219,393.7084601
-26.37493179,28.40306701,435.3039753
-26.37532612,28.40325702,685.3432241
-26.39184656,28.39944309,252.2749922
-26.39667117,28.40005872,474.6436087
-26.39700791,28.39902639,159.4113779
-26.39536541,28.39494442,371.6853195
-26.3939997,28.39477024,139.0172861
-26.3940261,28.39517797,501.961014
-26.39504374,28.39422354,227.5501125
-26.39372013,28.39207302,1101.668802
-26.39434326,28.38966336,336.3913149
-26.39459444,28.38958321,253.5763663
-26.39409026,28.38879333,284.8308143
-26.38911938,28.38444487,323.8414859
-26.3894186,28.38496324,316.9254773
-26.38659215,28.38187705,113.3109908
-26.38387805,28.38081497,603.0506239
-26.3743389,28.38678394,175.3831776
-26.37501517,28.38644391,129.6076541
-26.3659329,28.38637974,390.1573942
-26.36705821,28.38442864,694.9526269
-26.36746902,28.38456753,241.5705707
-26.367543,28.38483564,150.0963675
-26.37041841,28.38497123,258.2322809
-26.37170735,28.38512731,161.2808312
-26.37192704,28.38397273,134.695163
-26.37216831,28.38277497,218.1643405
-26.37226715,28.38243348,98.90106661
-26.37101953,28.38209035,195.8665332
-26.37202228,28.38289006,90.21407352
-26.37162605,28.38463632,93.54143623
-26.37052367,28.37737797,293.5561452
-26.36730932,28.37558478,109.9278665
-26.36904956,28.39694439,135.8266236
-26.38458634,28.40022939,215.7204898
-26.384877,28.40070361,84.70347146
-26.3912048,28.38487182,52.54975201
-26.38519076,28.38707087,270.0746615
-26.38239708,28.38839788,216.9861949
-26.37978363,28.38626684,48.05247908
-26.38041248,28.38785254,54.57550552
-26.38024082,28.38767107,109.6925434
-26.38799613,28.35853232,163.6075646
-26.38428449,28.35945692,110.2392649
-26.38269303,28.35941001,109.8490682
-26.38088126,28.35938667,260.9667089
-26.38035647,28.35980657,127.5516428
-26.37882047,28.35850613,211.9401999
-26.3812924,28.35787393,178.0294285
-26.37213122,28.3591154,419.9351327
-26.3732332,28.35871524,398.6008794
-26.37378088,28.3583258,86.44855299
-26.36939076,28.3637016,399.7431465
-26.36930525,28.36132653,806.5825578
-26.36825573,28.36279556,180.7266293
-26.36321652,28.3659964,331.0918539
-26.36139114,28.36652152,103.4120278
-26.35805217,28.36758771,251.9327331
-26.34935398,28.36271836,1007.789663
-26.3490477,28.35905363,789.2897256
-26.34994182,28.35981163,411.66034
-26.35007633,28.3599955,338.847114
-26.34805839,28.3534405,1827.4902
-26.34978441,28.35235706,96.70225293
-26.35084065,28.3521036,259.0004843
-26.35611665,28.35099489,253.3404676
-26.35724808,28.3493079,1539.68783
-26.35738433,28.35095806,458.1417598
-26.35728931,28.35047581,549.3098193
-26.36583384,28.35080038,133.2216616
-26.36667842,28.3506449,442.4195323
-26.36701914,28.35619713,319.6982051
-26.36671479,28.35793026,89.23808359
-26.36987135,28.36616537,467.4093173
-26.37025782,28.36765842,134.8343297
-26.38441479,28.3723403,146.6987453
-26.37374613,28.3495263,391.9323373
-26.28531601,28.27888289,54111.58075
-26.28300349,28.27837409,7610.10995
-26.28875047,28.28042484,326.5467354
-26.2871153,28.27774971,422.7128607
-26.2870486,28.27822961,719.8808113
-26.28712213,28.27898107,413.8375147
-26.287069,28.27651195,127.0699408
-26.28720979,28.27480536,183.7636776
-26.28725601,28.27452911,181.5486961
-26.28746971,28.27330803,68.26223997
-26.28729773,28.27346851,281.5987001
-26.28895416,28.2680031,142.1908241
-26.28890933,28.26844605,64.51429581
-26.28913171,28.26853291,50.80977911
-26.28886436,28.26719378,297.1959776
-26.28863697,28.26709256,98.08769944
-26.28865843,28.26522048,495.149473
-26.28944369,28.26311908,222.5466325
-26.28937438,28.262757,134.3906441
-26.2883948,28.26087163,190.8337648
-26.28763422,28.25999448,206.2281768
-26.28795568,28.25836872,39.8490406
-26.28808771,28.2572267,147.5774384
-26.28052197,28.25303704,1755.814566
-26.28129224,28.25409089,7397.250342
-26.279677,28.26079147,136.9431699
-26.278745,28.2607947,250.0042363
-26.27822137,28.26041716,323.238197
-26.27761941,28.26007749,285.3584955
-26.24837316,28.28681894,122.3343856
-26.24840305,28.28703632,203.208454
-26.24867069,28.28687376,47.43631637
-26.26198039,28.26984626,465.4762094
-26.3069509,28.27460564,88306.02467
-26.30481351,28.27601294,1730.405786
-26.3013422,28.26987029,3070.692658
-26.30030834,28.26898716,277.309478
-26.3001728,28.26872166,90.1446541
-26.30098623,28.26835161,447.0533321
-26.30170631,28.2676392,1795.973535
-26.31139817,28.25945149,787.8381752
-26.31087276,28.2593911,138.2302085
-26.31565081,28.25956028,9424.919936
-26.31389626,28.25999412,2392.212774
-26.32195558,28.26190774,436.7254293
-26.31988417,28.26668479,419.5156575
-26.32042512,28.26682863,1008.669981
-26.32341299,28.2641087,616.1755083
-26.32603271,28.25723348,275.0990443
-26.32680239,28.25705255,274.7321373
-26.34288072,28.23459259,681.9192511
-26.3427092,28.23500688,86.80387949
-26.34273696,28.23482422,64.90999023
-26.3479267,28.23716746,1241.22103
-26.34558428,28.21957201,1046.853917
-26.3631962,28.23376967,813.856946
-26.36254461,28.23393593,229.6670873
-26.36217194,28.23148068,523.580467
-26.36309812,28.22999012,140.4571657
-26.37095138,28.21920045,116.4043241
-26.36901587,28.20583484,160.4128228
-26.3689872,28.20605382,101.9570347
-26.3698473,28.20647693,60.84128427
-26.36980049,28.20599157,199.9966421
-26.3714853,28.2078305,69.33342709
-26.37186304,28.20816642,204.4927181
-26.3726303,28.20625064,170.4407211
-26.37281151,28.20354169,201.7504558
-26.37155252,28.20268782,101.8930318
-26.37102958,28.20250293,62.03564463
-26.37487228,28.20734812,159.9919412
-26.37883385,28.21099817,96.05932554
-26.37936465,28.21020263,80.16028374
-26.37957038,28.20990073,101.642857
-26.37885913,28.20758242,195.7115763
-26.38042565,28.20519364,175.4995966
-26.38076922,28.20413273,208.0175402
-26.3816648,28.20337608,168.6101879
-26.38183652,28.20305732,90.36922423
-26.37777359,28.20244646,162.193353
-26.37807179,28.20211207,143.4639459
-26.37821119,28.20164069,713.1612095
-26.37759577,28.19874608,145.9404555
-26.37790063,28.19848859,304.8593414
-26.37692706,28.1989309,132.4125188
-26.37526425,28.19633674,728.6641829
-26.37573805,28.19648295,338.839732
-26.37709594,28.1959536,193.0142106
-26.37779001,28.19542139,212.6909865
-26.37818108,28.19424738,210.1092569
-26.37891888,28.19476928,518.3165847
-26.37601846,28.19084831,463.5088769
-26.37307872,28.19240448,110.4902139
-26.37325313,28.19235976,33.26040189
-26.3682163,28.19162829,108.4969706
-26.36938586,28.19291634,50.43058273
-26.36912311,28.19163792,86.39708299
-26.36573107,28.18705561,386.1615628
-26.36607854,28.1872828,1156.18214
-26.36583363,28.18753242,86.58321466
-26.28740994,28.18427237,41.78778765
-26.28734215,28.18512933,32.23674219
-26.29012021,28.18772627,610.3249941
-26.29205427,28.18869379,66.04978971
-26.29208535,28.18858278,63.29409535
-26.29252649,28.18917028,104.6879501
-26.2938493,28.19055049,97.9261178
-26.29071738,28.19137991,64.76685473
-26.28867528,28.19433452,91.41522199
-26.28922184,28.19357139,52.28993616
-26.2928929,28.19395279,47.50183656
-26.29348303,28.19483922,52.84994818
-26.29644715,28.19411281,201.3495359
-26.31338307,28.1881428,150.5138759
-26.31786416,28.19500454,272.9907517
-26.31780231,28.19529748,873.7801557
-26.31402068,28.18593871,153.7873798
-26.31505939,28.18614211,42.79991821
-26.31486922,28.18549403,65.90045595
-26.33396541,28.18626532,3899.883642
-26.33514263,28.17800568,1597.831554
-26.33448163,28.17870614,4230.970924
-26.33569197,28.17812257,1270.50565
-26.33451366,28.18119847,25113.80435
-26.33748982,28.17959659,10206.15104
-26.3382964,28.18534764,1210.309625
-26.33527775,28.19500362,241.3584289
-26.33738572,28.1949116,498.9577844
-26.33576193,28.21111054,232.9575386
-26.31924841,28.20806451,331.4367801
-26.32302834,28.20648601,203.8386131
-26.3289779,28.18521249,145.0787341
-26.32955185,28.18631125,139.458297
-26.33497532,28.18404708,744.1693748
-26.33767636,28.18523621,222.3438011
-26.36754851,28.20221734,408.9015763
-26.36863978,28.20383271,877.5155455
-26.36028372,28.16508329,211.4744541
-26.36037159,28.16583116,131.9841464
-26.35898443,28.16514922,41.42718321
-26.36008352,28.16021108,148.3476943
-26.36090749,28.16065737,424.716101
-26.36129745,28.1609013,320.7683338
-26.36265845,28.15922107,159.8890593
-26.35833264,28.1549702,325.1017663
-26.35811426,28.15277675,42.80221266
-26.35472718,28.15272544,264.2758467
-26.35313978,28.15268997,297.5254153
-26.34843614,28.15271261,313.9601075
-26.34699406,28.1526754,47.36994297
-26.3468825,28.15265917,50.46563117
-26.32891742,28.14580559,584.3277782
-26.32621515,28.13658768,6287.446028
-26.32438565,28.13517049,305.0101155
-26.32433227,28.13579296,632.515706
-26.32483259,28.13541364,200.4173342
-26.32558447,28.1373225,775.8570236
-26.32799838,28.13685728,1019.664138
-26.32635965,28.13910747,263.2790423
-26.31525232,28.14288277,575.2939071
-26.30391931,28.14420986,176.1315817
-26.30425954,28.14409476,258.6013065
-26.30744362,28.14317014,87.67675644
-26.30777414,28.14305437,129.5089537
-26.30967287,28.14233709,64.28127992
-26.31032555,28.14218667,394.6689563
-26.31086317,28.14209247,85.56135191
-26.31143849,28.14199221,320.5762909
-26.31252515,28.14190489,127.5500985
-26.31231722,28.14235782,196.2426989
-26.31243124,28.14179216,28.06510622
-26.31437866,28.14142193,606.1549228
-26.31930861,28.14316635,553.7773447
-26.31660457,28.14817574,171.2222861
-26.3137903,28.14938725,316.1724987
-26.32362081,28.14648343,113.4357471
-26.32891461,28.13863039,313.9694741
-26.3296365,28.13849648,183.5432468
-26.33028239,28.13836501,450.3579078
-26.33150961,28.13813136,286.539889
-26.33253415,28.13788573,412.4980845
-26.33326575,28.13758758,384.9310457
-26.33498085,28.13663911,997.5461537
-26.33583117,28.13608518,237.3214088
-26.33611509,28.1358824,262.5375605
-26.33737101,28.1350595,777.9480604
-26.33800014,28.13465465,252.6637926
-26.33843079,28.13436168,243.3580444
-26.33914614,28.13418972,318.9824279
-26.3398149,28.13345385,612.9376782
-26.34119067,28.13252598,462.5457702
-26.34190393,28.13206942,259.5861334
-26.3440211,28.13067091,877.4107748
-26.35852463,28.12261164,503.3769033
-26.35816102,28.12257698,56.66228123
-26.35802073,28.12228032,75.16943952
-26.35811203,28.12215389,198.7181778
-26.35842441,28.12228719,220.8331411
-26.35874341,28.12118931,571.3681234
-26.3590046,28.12099016,174.1653665
-26.36320485,28.12073515,615.6177296
-26.364032,28.12135346,331.0084051
-26.36455578,28.12062155,243.2725671
-26.36601911,28.12305774,104.4705017
-26.36523606,28.12229001,119.4456352
-26.36566012,28.1226238,79.49511582
-26.3648776,28.12207574,97.81410995
-26.36662763,28.123596,89.90374112
-26.36701067,28.12387162,70.77751155
-26.3673153,28.12404371,205.0362292
-26.36782951,28.12445391,73.31689428
-26.36973601,28.12881778,770.9174008
-26.37151671,28.13139047,241.0709754
-26.37246247,28.13228567,240.7741854
-26.37290463,28.13195226,432.5949873
-26.37334031,28.1325387,137.9268261
-26.37357049,28.13203619,88.16701494
-26.37470669,28.12758641,134.5035053
-26.36275682,28.14305257,87.43126945
-26.36555394,28.14288,129.1926314
-26.36579447,28.14297347,121.8943083
-26.36527693,28.14339925,151.4142676
-26.36585001,28.1432705,45.45664133
-26.37192907,28.14331816,204.8071366
-26.37130262,28.14334954,120.3994446
-26.25055087,28.15537598,164.8295989
-26.30173733,28.14625778,100.326613
-26.30116242,28.14880938,227.1511111
-26.30305694,28.15383423,524.6652944
-26.30277977,28.15219044,378.913647
-26.29840217,28.15818688,99.48519517
-26.30144737,28.15749368,727.4273674
-26.31682584,28.15454784,116.7867657
-26.31683333,28.1547851,143.795445
-26.31696943,28.15484017,70.54189983
-26.31711518,28.1553475,65.42040001
-26.31289408,28.15489773,95.71815149
-26.31951947,28.16507591,435.4513169
-26.31936454,28.1653291,333.8717984
-26.31667258,28.1633564,355.7257322
-26.3252549,28.15937263,743.2444655
-26.32551815,28.15996846,97.63760932
-26.32583091,28.15777515,314.4555191
-26.32767193,28.15528345,230.5030373
-26.32752117,28.15597242,79.58475631
-26.33458324,28.15585462,183.7307156
-26.33364465,28.15833976,135.704911
-26.33350746,28.15944332,47.12193823
-26.33354318,28.15879193,190.3720569
-26.34378516,28.14324786,370.1679573
-26.3449672,28.14364915,160.9185436
-26.34490353,28.14163568,175.9272656
-26.3465578,28.14175673,468.0983851
-26.34674157,28.14152006,155.3595439
-26.34661356,28.14462227,42.31027786
-26.34676668,28.14530617,45.87942511
-26.34750863,28.14363589,94.97026834
-26.3475693,28.14373791,34.31908003
-26.35098829,28.14367886,93.62794592
-26.35189879,28.14377208,42.40515245
-26.35633073,28.1437541,159.4327145
-26.38723834,28.18119054,537.5125152
-26.38489111,28.18203516,79.01653316
-26.38902055,28.17717916,526.8940384
-26.386566,28.17216862,446.1006828
-26.38747983,28.17241347,406.1486134
-26.399378,28.18745594,275.2568377
-26.4001895,28.18759853,688.4317481
-26.40863734,28.1903454,154.2846659
-26.41036744,28.19245799,37.45977577
-26.41065791,28.19234385,101.7766547
-26.41089389,28.19211945,54.84037344
-26.41421038,28.18824575,288.6509012
-26.41452078,28.18787814,253.0750717
-26.41165066,28.17310329,294.8530623
-26.405118,28.17419356,227.6177638
-26.40557082,28.17404994,303.4527287
-26.40844375,28.1749409,226.4779657
-26.40633805,28.1786651,147.7039331
-26.40626453,28.17840712,138.049332
-26.40834532,28.18117552,111.6554441
-26.40680406,28.1818477,147.3728446
-26.40522404,28.18062627,21.85004277
-26.40309716,28.18533912,42.35527393
-26.4031623,28.18546621,37.30845287
-26.41012061,28.18770828,77.43266595
-26.41140457,28.18487004,55.01389
-26.41635734,28.18559464,427.4041215
-26.41975768,28.16537986,320.0885799
-26.42114247,28.17691742,186.8845577
-26.42275574,28.1738748,192.8051217
-26.42267875,28.1736724,52.22564318
-26.41780415,28.17392849,181.0315963
-26.41764152,28.17329327,102.7173707
-26.41784459,28.17325044,43.49552226
-26.39985887,28.19087962,218.4643571
-26.40087298,28.19329,196.4206114
-26.39886665,28.18218372,53.83790059
-26.39854261,28.17943866,107.0198525
-26.39851307,28.17931938,107.3223962
-26.3977996,28.17942819,193.0981055
-26.3987234,28.17953396,53.78443768
-26.39901966,28.17954301,141.2631583
-26.39786268,28.17767328,60.43607484
-26.39008648,28.18595849,111.949365
-26.38545875,28.18622291,77.45603708
-26.37565122,28.17008446,228.1188932
-26.31794674,28.21639482,245.037359
-26.27624113,28.21386426,1706.705282
-26.30349906,28.14653694,558.0563399
-26.30385173,28.14799611,323.9066004
-26.32191828,28.14261685,987.5655168
-26.32606633,28.14089949,104.3253345
-26.3335318,28.14389854,185.0628527
-26.37721495,28.12292065,62.26867372
-26.37689109,28.12347892,1296.796764
-26.37824573,28.10606016,20776.59729
-26.37947694,28.10415522,27997.14046
-26.38183554,28.11581587,171.5781366
-26.38230365,28.12067219,372.3957229
-26.38915377,28.13129519,166.5612378
-26.38936032,28.13144845,143.5112592
-26.38559237,28.13534719,172.554971
-26.38537093,28.13566902,559.3739251
-26.37998659,28.137007,155.4649263
-26.37931268,28.13687338,249.5282929
-26.37637374,28.13550574,557.1654768
-26.37531173,28.13331627,125.4520572
-26.38850819,28.11705392,982.5164264
-26.38914946,28.12131112,146.9159626
-26.38640714,28.12077189,202.8315604
-26.38619354,28.12093666,84.46987191
-26.3844992,28.12014532,80.14330873
-26.38501845,28.1240337,30.50941784
-26.38545659,28.12418775,60.78295772
-26.39421511,28.12465899,360.8629468
-26.41444319,28.14301439,408.4897261
-26.41529856,28.14475769,165.479463
-26.41806895,28.14231687,538.8863437
-26.41881904,28.14286041,244.6593913
-26.41868765,28.13611251,139.3393732
-26.41960682,28.13701559,867.08688
-26.42087519,28.13830297,116.6840584
-26.42044867,28.13917498,161.8200291
-26.42111227,28.13894076,250.5299103
-26.42133236,28.14164168,258.8230473
-26.42149943,28.14291144,156.8156591
-26.41656846,28.14430026,187.2398184
-26.41320465,28.14169809,206.5963037
-26.41404105,28.13840512,895.4887247
-26.41351166,28.13980032,152.1543656
-26.41357583,28.13912612,260.4668965
-26.41305003,28.1372193,166.7330141
-26.41225329,28.13680447,62.32243536
-26.41344081,28.13479716,179.5302119
-26.41331588,28.13432331,319.105029
-26.41633198,28.13567203,175.3201639
-26.41708238,28.13678015,87.6400169
-26.42199699,28.15021841,402.1390758
-26.42215812,28.15118523,85.94745155
-26.42017999,28.15034127,98.0553068
-26.4184374,28.14759472,161.5518877
-26.42086012,28.14745143,506.6599
-26.42142895,28.14767547,351.1823604
-26.42125095,28.14613802,124.5980301
-26.42150823,28.1460971,104.3336423
-26.42390712,28.14963841,146.1772969
-26.41189634,28.1676265,221.8174934
-26.41180035,28.15855448,413.8028358
-26.40767272,28.16061715,224.3017152
-26.40731235,28.15897242,232.2065535
-26.40548429,28.15982798,916.4927393
-26.40547607,28.16106557,937.3406322
-26.39802036,28.16462417,241.5737218
-26.39810052,28.16357724,289.570035
-26.39882257,28.16308006,524.7023373
-26.39933026,28.16322987,86.99638574
-26.39740778,28.16279605,122.6443588
-26.39612781,28.16234889,162.3209371
-26.39631379,28.1621898,219.07374
-26.39788672,28.16119003,364.4421382
-26.39550208,28.15735294,324.8236351
-26.38813505,28.15106528,204.1685092
-26.35178781,28.16459373,158.5540888
-26.3528011,28.16310986,142.3003494
-26.35232474,28.16217651,161.1007031
-26.35580975,28.16836827,294.0670704
-26.35346307,28.16821663,224.0630859
-26.37658924,28.16002494,551.7291838
-26.37646289,28.15933626,279.9824916
-26.38114116,28.16165497,190.8788159
-26.38087815,28.16420234,126.9949411
-26.3859427,28.16652797,98.82098181
-26.38791944,28.16375604,41.30415077
-26.38777834,28.16390609,53.16622029
-26.39448117,28.16826022,75.01273998
-26.39905312,28.16868522,89.92772499
-26.40163707,28.1688196,151.2133043
-26.40389584,28.16872279,110.7545332
-26.40145754,28.16539812,199.8930424
-26.40776522,28.16734981,36.32930964
-26.40767553,28.16647859,117.58149
-26.41720755,28.16685799,153.8742418
-26.41948313,28.16317739,313.8662788
-26.42065879,28.16106893,107.1043872
-26.42104419,28.16083102,35.90419975
-26.42140541,28.16033125,186.4834682
-26.42191636,28.16016665,47.48553948
-26.42490368,28.16266535,75.65447713
-26.42533728,28.1621009,50.57482618
-26.42518551,28.16273876,56.90925455
-26.41678158,28.15516925,236.2960422
-26.42086659,28.15676511,96.82834179
-26.41824411,28.15867273,182.2845411
-26.41096376,28.15221748,232.6862366
-26.41206588,28.1523385,162.5424589
-26.40979355,28.15212595,150.0901882
-26.41555356,28.15347753,106.9744762
-26.40922717,28.15092565,380.5387755
-26.40799231,28.14916472,251.9508386
-26.4123986,28.15212101,730.8677488
-26.40987113,28.15774476,155.4692107
-26.40709286,28.13560573,149.3944456
-26.40621625,28.13396968,41.18539806
-26.40616192,28.13356388,245.8432437
-26.41186398,28.1323773,197.3559855
-26.41248811,28.13205978,81.11003431
-26.40984079,28.12962533,226.685219
-26.40946778,28.13021358,48.66763237
-26.40896087,28.13084975,77.88307002
-26.40689639,28.13135245,75.42774398
-26.40794076,28.13224789,80.03534826
-26.40771902,28.13270782,27.97490287
-26.40300242,28.13421013,124.2858585
-26.3965387,28.13550734,267.0828649
-26.39628,28.13568211,104.6740436
-26.39557385,28.13501921,139.5043794
-26.39578656,28.13482127,122.0797015
-26.39621385,28.13541989,72.8835094
-26.39096621,28.13317197,404.3024209
-26.35964112,28.12398121,253.3564624
-26.35985578,28.12428226,189.7266578
-26.36009248,28.12770776,137.5552349
-26.36027201,28.12811247,162.4986588
-26.35841832,28.12933789,430.3485515
-26.35665854,28.12860446,247.2959837
-26.35133918,28.12652317,366.1391587
-26.37990048,28.11095272,275.6033928
-26.37922504,28.11053693,292.2554345
-26.38045122,28.11127417,191.0885799
-26.36560156,28.1109452,155.1513276
-26.36290883,28.11102029,53.85765975
-26.36328867,28.11128729,80.24879169
-26.36130032,28.10945007,146.6323957
-26.31354522,28.08052117,4706.776234
-26.30234963,28.15043025,84.68220871
-26.3529414,28.13788746,86.95076105
-26.35330929,28.1386292,305.833561
-26.35494477,28.13870184,401.8031306
-26.35465268,28.14141164,170.5615242
-26.35468102,28.14681024,587.072775
-26.35093705,28.15267998,211.9640989
-26.34494929,28.15265514,110.7041132
-26.30429694,28.11889577,820.5702565
-26.30411095,28.11815328,2675.731
-26.34860324,28.13308263,254.8162639
-26.34832644,28.13241274,452.813366
-26.31439792,28.06855282,188.2090882
-26.23892151,28.12302151,799.7357197
-26.23921839,28.12316081,63.13979368
-26.24066534,28.12162377,219.0403264
-26.23829288,28.12133753,618.3420719
-26.23901638,28.12126872,417.0858001
-26.23903125,28.12167296,41.16918987
-26.23890139,28.12095678,32.91203264
-26.23914558,28.12027396,189.3264183
-26.2374484,28.12297616,382.9613605
-26.23768822,28.12285867,33.66697187
-26.23806981,28.12288929,57.58804669
-26.23963084,28.12270269,32.16952205
-26.24013728,28.12199567,43.4081509
-26.24017988,28.1218815,61.15882903
-26.24008601,28.12180677,26.75626684
-26.24002118,28.12194966,21.85030955
-26.24000913,28.12245635,8.784054471
-26.23997525,28.12211756,28.21204761
-26.24043495,28.1218696,205.3693212
-26.23884868,28.11756789,389.7498425
-26.23886555,28.11783836,61.94617717
-26.23881175,28.11798005,30.71068516
-26.23892018,28.11811496,38.27784653
-26.23890421,28.11836585,14.49978575
-26.23878582,28.11864548,19.72877271
-26.23877253,28.11916286,45.3364178
-26.23844992,28.11876529,114.8841896
-26.23807269,28.11874507,38.08206582
-26.24361862,28.0814962,33.57311606
-26.24376915,28.08140603,27.02192393
-26.24382762,28.08130515,20.52538862
-26.24389705,28.08150981,11.00102305
-26.24330823,28.08184607,24.22390967
-26.24348356,28.08168961,12.70862561
-26.24342731,28.08152695,14.35283385
-26.24338126,28.08162094,17.93180919
-26.24381342,28.08075932,39.77520387
-26.24361874,28.08106882,19.13733826
-26.24351824,28.08086138,59.67984192
-26.24347915,28.08060127,12.68311673
-26.24358815,28.07860035,83.88653994
-26.24380119,28.07869282,63.65025225
-26.24397117,28.07858112,104.5984662
-26.24391993,28.07826421,37.8464776
-26.24386626,28.07822295,35.33458237
-26.24378794,28.07854949,140.5079205
-26.24341862,28.07946712,62.98906303
-26.24342552,28.07933697,26.40243016
-26.24307438,28.08006148,12.68929436
-26.24130083,28.08412952,115.4767069
-26.24121649,28.08425657,231.352664
-26.24069092,28.08492118,175.6957031
-26.24120632,28.08400348,124.4796757
-26.25142478,28.07268416,6691.777345
-26.2525507,28.07232859,4298.198307
-26.24540612,28.0781839,52.12105582
-26.24572213,28.0781945,119.6431225
-26.24597229,28.07814629,32.59105357
-26.24582062,28.0779148,19.89807309
-26.24621262,28.07496824,130.0784193
-26.24564815,28.07484133,35.65023102
-26.2459856,28.07484406,16.69695142
-26.24580958,28.07493929,21.16262695
-26.24598062,28.07496656,30.04084802
-26.24773788,28.07413676,224.4828916
-26.24802695,28.07444284,219.3684478
-26.24769371,28.07445576,115.8550049
-26.24799541,28.07502475,60.054503
-26.24747034,28.07457717,14.26873933
-26.24753373,28.07474384,47.07127811
-26.24789132,28.07387999,75.5309399
-26.24729931,28.07360205,98.83338172
-26.2475635,28.07372071,44.8208676
-26.24717563,28.0722214,62.33824026
-26.24895592,28.07485632,148.6768808
-26.24909587,28.07454288,81.27046609
-26.24922358,28.07448034,101.9924203
-26.2492934,28.0746398,53.29722348
-26.24933789,28.0748041,339.3552746
-26.24875131,28.07425271,79.41170706
-26.24862894,28.07431685,52.90760712
-26.2495814,28.07474087,40.22805581
-26.2497711,28.07475806,27.86021116
-26.25327444,28.0728787,100.1378305
-26.25331035,28.07309207,170.8249283
-26.25344848,28.07319602,72.38550252
-26.25375838,28.07334297,70.46044333
-26.25323083,28.07439878,61.12395312
-26.2534933,28.07461846,129.3420525
-26.25367491,28.07492723,27.8507059
-26.26270988,28.03348404,1140.286883
-26.2632511,28.03417468,96.4969485
-26.26281228,28.03322468,55.86656173
-26.26297718,28.03249219,401.199842
-26.26283338,28.03302523,115.4973615
-26.26315483,28.03353211,80.90576841
-26.26273934,28.032766,118.9863291
-26.2630505,28.03267499,97.48723839
-26.26315926,28.03284665,106.100439
-26.230796,28.03603706,105139.3239
-26.23010167,28.03939722,9153.467618
-26.22904988,28.0362394,5315.360416
-26.23491924,28.03706768,725.5805142
-26.25654269,28.04988507,203.9512079
-26.25672592,28.04997512,79.65856387
-26.25566058,28.04859763,30.2898235
-26.28202539,28.0363542,280.6799225
-26.28198509,28.03590568,120.203787
-26.28189233,28.03573007,112.8385467
-26.28118269,28.03552713,850.9845898
-26.28146519,28.03588913,233.2893332
-26.25271549,28.02900529,543.6395918
-26.25578611,28.02909934,91.5791242
-26.28006844,27.98366623,485.7246423
-26.28022023,27.98417848,77.15722834
-26.28020289,27.98399898,201.7755952
-26.28043201,27.98408814,244.6243899
-26.2805331,27.98392187,139.467948
-26.28421317,27.94540763,7756.696262
-26.28517751,27.9460913,99.92542775
-26.28225233,27.94867554,443.424603
-26.28282329,27.94916488,119.7670203
-26.28296857,27.94935729,45.56602225
-26.28300641,27.94920036,89.82105137
-26.28300993,27.94899602,127.1774811
-26.28343433,27.94874485,79.7587662
-26.29031822,27.94295836,179.3152639
-26.2905807,27.9430002,527.9407541
-26.29059859,27.93860156,271.8480814
-26.28993178,27.93793742,170.5153246
-26.28789851,27.93758767,582.3758968
-26.28822562,27.93695846,1253.639911
-26.28851392,27.93661886,241.1128278
-26.28866473,27.93723143,126.9449247
-26.28893484,27.93634844,191.4219586
-26.28863656,27.93583239,93.37647323
-26.29686758,27.94129104,61.38578122
-26.29771471,27.94221713,91.17401275
-26.29940374,27.93685224,445.2784985
-26.29634396,27.93315202,395.6115667
-26.29607267,27.93338999,63.48702331
-26.29442907,27.930858,263.2527922
-26.28802217,27.93122355,432.5920162
-26.28879046,27.92888281,5685.312869
-26.28796185,27.92869955,1790.720719
-26.28394676,27.92680351,42038.40789
-26.28317526,27.92569036,3253.183916
-26.27990479,27.92587139,36099.10244
-26.28095321,27.92643419,1178.806331
-26.28130424,27.92582211,731.44859
-26.28065622,27.92311606,58509.9328
-26.27860954,27.91946597,211185.5519
-26.26993569,27.92102965,9045.666102
-26.26910743,27.92038372,343.4538314
-26.26902387,27.91911224,281.9854191
-26.27047669,27.91889793,4701.263176
-26.27137843,27.91988128,17456.70071
-26.27321146,27.91841162,4715.368264
-26.26776381,27.92757651,15348.14662
-26.25618493,27.95203071,770.268596
-26.25623125,27.94912986,235.6300767
-26.25591393,27.94731423,396.7872426
-26.2553302,27.94343715,225.006086
-26.25412509,27.9443482,193.0955693
-26.25401421,27.94223574,26.82893564
-26.25400182,27.94293703,121.2923365
-26.25391634,27.94170791,71.8962101
-26.25318677,27.94134108,550.4423939
-26.25362205,27.94134967,787.8931154
-26.25464429,27.94052357,385.325267
-26.25439,27.93912529,78.73981529
-26.25257367,27.93732531,347.3888223
-26.25082335,27.93629467,94.11182598
-26.25140393,27.93325247,951.0190111
-26.25264442,27.93221013,130.9522326
-26.25045291,27.9329527,141.8952591
-26.25009048,27.93339115,202.6179193
-26.24935972,27.93399823,252.9480329
-26.24883695,27.93365131,102.4495906
-26.23767657,27.93721207,175.7144918
-26.23604371,27.93775979,76.66267585
-26.23527784,27.9380123,52.52399883
-26.23554523,27.9408427,168.6429129
-26.23420158,27.94374217,184.486825
-26.24054378,27.94815513,940.0626084
-26.24109162,27.9476816,60.06758445
-26.23837222,27.9389341,218.5726428
-26.25233732,27.92964234,187.8041909
-26.24922183,27.923201,185.4667072
-26.24943421,27.92397077,124.8184656
-26.24680986,27.91826302,107.9574253
-26.24734344,27.91795023,55.36374468
-26.2458662,27.91354889,258.6101317
-26.24577593,27.91331394,468.2598313
-26.24704545,27.91139946,170.5513411
-26.22656772,27.92768734,142.1025432
-26.2293667,27.92406088,457.8558954
-26.23595506,27.91597297,1145.000557
-26.2364594,27.91564162,235.5872005
-26.24107559,27.9158989,269.988146
-26.24947327,27.91091095,261.5542917
-26.24963435,27.9110264,142.6426219
-26.25181246,27.91001147,196.671784
-26.25246502,27.91082886,126.8454092
-26.27638916,27.9125446,43.72441998
-26.26658647,27.90692917,136.7696353
-26.266753,27.91031,76.55305829
-26.26762056,27.89357734,304.2021311
-26.26710441,27.8915119,46.02273669
-26.2673584,27.89123121,27.44118401
-26.26669371,27.89186957,52.01521435
-26.26434239,27.89330342,742.3561188
-26.266115,27.88975587,67.85102082
-26.26859031,27.88523264,380.7560988
-26.26885048,27.88517795,128.1596793
-26.26822831,27.88575723,57.06299932
-26.26785127,27.88602395,481.5406133
-26.26743077,27.88686242,125.0987353
-26.27923366,27.886298,64.23339601
-26.27946876,27.88557532,70.96890321
-26.28008132,27.87588816,272.5119149
-26.27830003,27.87951091,49.6837436
-26.27400504,27.8743477,572.2697883
-26.27512662,27.87090948,726.1928376
-26.26834743,27.86732562,92.93515887
-26.26859331,27.86743168,48.85980938
-26.26843268,27.86809175,98.99797647
-26.26875446,27.86725511,41.65119192
-26.27826243,27.85744278,212.2890487
-26.27464013,27.8527802,614.649479
-26.28179419,27.87653238,211.1249711
-26.28568319,27.87327065,497.9584749
-26.28724009,27.87092316,215.1094997
-26.28889157,27.865031,201.1290612
-26.28918015,27.86484135,317.0750623
-26.28929746,27.86225412,178.2416917
-26.2875416,27.86120131,109.5981939
-26.29042534,27.8574529,91.22046587
-26.28680256,27.8527588,182.3276078
-26.28652841,27.85219888,136.4096876
-26.29279472,27.84956216,735.0571863
-26.29161383,27.84310193,539.2588423
-26.2911733,27.84378181,438.715423
-26.28437929,27.84467788,173.2138938
-26.28074865,27.8384354,251.2693634
-26.28473593,27.83506039,322.832645
-26.28837594,27.83530228,607.038324
-26.28941016,27.8350632,135.0013881
-26.28516229,27.82997933,1333.199971
-26.28474428,27.8292068,305.0772744
-26.2826925,27.82902276,297.4652827
-26.34526292,27.89751336,690.2680885
-26.34651325,27.89661654,97.96569349
-26.35173208,27.88964421,131.7539419
-26.34449065,27.86901903,1088.995072
-26.34538728,27.8694343,101.9181766
-26.34661701,27.86993452,1049.013762
-26.33872413,27.86769537,1057.366294
-26.34015984,27.86961219,294.9034801
-26.33851545,27.87416092,1462.54319
-26.33794199,27.87460064,174.076847
-26.3376433,27.87472282,470.1206098
-26.33598892,27.87534048,1204.431753
-26.33550846,27.87534795,419.4474981
-26.33569945,27.87509544,134.8374601
-26.34076516,27.8634451,1770.762213
-26.34043138,27.86189626,944.0468221
-26.34044626,27.86279557,148.7473807
-26.33990402,27.86044206,446.9862767
-26.33960569,27.85959294,321.2098279
-26.33847579,27.85893631,500.1399206
-26.33782561,27.85847795,492.414699
-26.33699686,27.85762371,117.4560799
-26.3372829,27.85802968,120.1992554
-26.33183697,27.87300045,905.389919
-26.33140131,27.86796858,525.5390583
-26.33248517,27.86700952,381.8505069
-26.33262212,27.86615906,958.8337157
-26.33256497,27.86499123,166.5339543
-26.33234189,27.86444322,272.9180647
-26.33192111,27.86371933,520.2475147
-26.33173546,27.86318857,59.82711968
-26.33171376,27.86279898,143.0480469
-26.33172796,27.86215479,513.5470966
-26.33180707,27.86102667,442.3365876
-26.33199681,27.86035684,386.8542519
-26.34024737,27.86673907,285.4215692
-26.34014717,27.86700047,434.1574036
-26.33998763,27.86710387,101.5826113
-26.34000494,27.8669003,60.57162617
-26.32660635,27.88360634,420.88021
-26.32733852,27.87790941,437.7923158
-26.32830897,27.87704122,184.3987906
-26.32412501,27.87142879,362.4148058
-26.32418005,27.87201991,80.85691786
-26.3138182,27.86251488,223.1172351
-26.31510453,27.85848298,98.94492824
-26.30201634,27.8180152,508.7770136
-26.30214844,27.81845647,895.1648291
-26.30197544,27.82176379,279.3228181
-26.30205556,27.82113505,72.85851447
-26.30212228,27.82001047,73.68535685
-26.30188372,27.82039774,78.99842957
-26.30130924,27.82010221,225.062424
-26.30186881,27.82332789,41.25540451
-26.30379013,27.81553374,114.0632911
-26.30455824,27.81647987,253.858183
-26.30635026,27.81856106,92.53778078
-26.30747403,27.82234614,130.8970377
-26.30752988,27.8200892,133.0623049
-26.30834284,27.82101129,38.26208242
-26.29626246,27.8119139,173.3569222
-26.29613293,27.81202484,40.57936743
-26.32849349,27.8516991,10.81313229
-26.35178696,27.89144206,166.4222124
-26.35343947,27.88508974,299.7171919
-26.35311941,27.88501007,215.3100961
-26.3491558,27.88561816,100.1387011
-26.35277466,27.88142397,55.63246433
-26.34418018,27.87141149,153.6417966
-26.29712191,27.87658768,99.85861453
-26.29378818,27.8800343,99.07560096
-26.29216754,27.88058603,130.654854
-26.29240975,27.88079316,59.12498929
-26.29016231,27.87911484,157.2828297
-26.29011402,27.88056597,31.72404577
-26.28408614,27.87754434,391.04218
-26.30711427,27.87176646,57.59780428
-26.28856465,27.93615657,923.4406181
-26.28894439,27.93605505,135.9763936
-26.29141738,27.93951047,251.9460697
-26.29455695,27.93531332,261.1028634
-26.29377852,27.93542461,116.6149955
-26.2937422,27.93498487,104.6708869
-26.29298143,27.93326012,95.18103357
-26.29652364,27.93436665,161.1259278
-26.30021099,27.93648309,89.0066298
-26.29971813,27.93487067,80.53457935
-26.30088528,27.91462193,231.0962289
-26.30130017,27.91573325,649.4851697
-26.30151907,27.91634119,161.9210299
-26.3004426,27.91457586,128.5466807
-26.30178104,27.91823059,87.40430422
-26.29721942,27.92881603,125.2030157
-26.29816765,27.92830155,215.3895359
-26.29778223,27.92852644,88.10088202
-26.29668014,27.92869145,41.51138478
-26.29671725,27.928988,74.50879653
-26.23325357,27.95333017,103.9106351
-26.233019,27.95210756,304.2731934
-26.23036544,27.94287437,1077.703146
-26.231884,27.94292699,545.0994508
-26.22859972,27.94172391,614.9772846
-26.22693129,27.93998613,409.5104399
-26.22632983,27.93932153,862.2423353
-26.22577198,27.93778975,487.8749823
-26.22535107,27.93710414,860.4863992
-26.22379687,27.93429246,150.4100181
-26.22309337,27.9336116,182.1478915
-26.22537962,27.93051146,625.001116
-26.23365353,27.94210243,152.0493981
-26.23585804,27.94201127,61.6788554
-26.23885231,27.94130939,47.31194592
-26.20898805,27.90347033,858.9872282
-26.17615305,27.8745677,2773.540334
-26.1772008,27.87560328,324.2684526
-26.17801905,27.87654476,419.4508917
-26.17924044,27.85598243,573.6577926
-26.17948375,27.85615067,310.8062756
-26.17947244,27.85678308,174.7059508
-26.17977521,27.87072377,1656.93572
-26.17541623,27.87165307,337.3719584
-26.17816912,27.81520117,510.7882829
-26.17806445,27.81603344,260.1361339
-26.18098631,27.81654658,184.9675648
-26.18409937,27.816141,218.9294753
-26.1831559,27.81333299,101.9236248
-26.18069153,27.81034432,307.7117277
-26.18136829,27.81043901,1500.59348
-26.19624731,27.81480286,2064.689251
-26.19085267,27.7981241,281.6772261
-26.19139267,27.79805952,531.8610611
-26.19372124,27.79983626,230.3633237
-26.19226933,27.79996996,97.83247719
-26.19086488,27.79861493,114.6985535
-26.18846797,27.7918319,593.8461143
-26.18497742,27.79441075,309.5177506
-26.18532941,27.79486708,445.2993593
-26.19069134,27.7882919,167.672482
-26.19133871,27.78804627,165.1761057
-26.18482007,27.78868665,506.6659964
-26.18541895,27.78884738,140.3656033
-26.19246532,27.7810725,767.7782753
-26.19313738,27.78029039,296.0385025
-26.19247969,27.77865486,389.984372
-26.19301827,27.77882932,59.4535238
-26.19295393,27.77784133,127.5612065
-26.18194876,27.80032915,1159.881956
-26.18150086,27.79929885,139.3099141
-26.18052154,27.79789467,65.63838326
-26.18082989,27.79850836,105.6089441
-26.18091607,27.7984019,71.58201908
-26.18159197,27.79496146,169.2091686
-26.18209888,27.79465981,259.1582316
-26.1801999,27.80900944,128.2047037
-26.18215834,27.8039505,222.2775279
-26.17904343,27.79896616,312.3408789
-26.17746552,27.78379549,212.4918545
-26.20096918,27.76794079,168.1267652
-26.20136973,27.76839157,489.7439828
-26.20542128,27.76286361,219.6266108
-26.20363311,27.76073448,472.6646748
-26.20402806,27.76061253,80.6516162
-26.2030398,27.76084748,126.9984504
-26.19888328,27.76410949,596.0910792
-26.19922841,27.76382035,105.9338911
-26.19938866,27.76339752,172.9654124
-26.19037476,27.76392056,226.8942506
-26.19365112,27.77345249,214.7086038
-26.20061933,27.80654101,173.4516098
-26.18583888,27.80406465,135.6989225
-26.17064836,27.78975472,559.9012675
-26.16989374,27.78761261,580.2998604
-26.16825727,27.78686577,1191.182441
-26.16822936,27.78753042,300.2369918
-26.16688055,27.78619069,53.28068012
-26.16705071,27.78281578,171.7888419
-26.13985109,27.80506701,5009.5951
-26.14055622,27.80475847,540.3694916
-26.14087766,27.8047447,248.8427299
-26.13768771,27.80255579,102.8105426
-26.13753752,27.80341355,159.3332154
-26.13778411,27.80160792,150.1106205
-26.13790094,27.80143403,100.3147547
-26.13565731,27.80135318,300.8215733
-26.13405944,27.8013836,147.2975198
-26.13495709,27.80222248,231.5672314
-26.13298511,27.80435363,377.8799858
-26.15096487,27.78204353,307.3938037
-26.15104316,27.78591842,634.4997696
-26.14717317,27.78451921,749.6479322
-26.14693923,27.78463977,536.3411174
-26.14425089,27.79651816,327.1097289
-26.14558798,27.79918305,195.0822441
-26.14693039,27.80071656,552.98167
-26.06984867,27.74978973,292.0806475
-26.07189649,27.74999365,808.7865285
-26.07223312,27.75185456,1042.594498
-26.07084396,27.74582282,124.2218771
-26.07703793,27.7469555,347.5511275
-26.07707196,27.74668044,106.4530438
-26.07820335,27.75084474,278.3712474
-26.07014656,27.75615419,122.200228
-26.07122914,27.75531974,66.09078523
-26.08114583,27.75879861,506.0582759
-26.0747873,27.75779416,131.1325151
-26.07394627,27.75616368,228.1496783
-26.07359343,27.74536097,151.1076576
-26.1329257,27.83931918,152.1425909
-26.13249144,27.8441339,503.2856069
-26.13164091,27.8447983,62.36970584
-26.13430378,27.84727271,52.24841778
-26.13432125,27.84773651,32.59411455
-26.13219673,27.84504245,98.60973822
-26.1356822,27.84611177,216.9146044
-26.13596329,27.84595784,84.29096394
-26.13616311,27.84508705,130.9646406
-26.13734715,27.84824662,963.7612747
-26.13635373,27.84915422,42.77963086
-26.13512701,27.85291766,80.30945296
-26.13456985,27.85096761,203.1542415
-26.13373387,27.85107776,77.69464628
-26.13513168,27.85213781,43.15088085
-26.13641767,27.85365121,1048.653187
-26.13578867,27.85376136,84.47576504
-26.13633024,27.85433195,189.523998
-26.13624219,27.85574518,199.5322577
-26.13606676,27.85638934,5296.302014
-26.13537575,27.85712236,4978.459347
-26.15380792,27.84936677,1103.479474
-26.15507758,27.85527303,328.7674027
-26.15541665,27.85600619,95.64541709
-26.15536883,27.85569354,238.7654302
-26.15452527,27.85475898,236.9708205
-26.15473051,27.85495727,175.3021532
-26.15797443,27.85772253,813.8830439
-26.16066247,27.85744789,318.7735516
-26.16445879,27.86860127,2932.272887
-26.16582557,27.8703818,1819.103441
-26.16506264,27.86882901,877.4297733
-26.17716419,27.89294777,101.8287145
-26.18051716,27.89359653,136.6572475
-26.18132843,27.89693969,232.8569752
-26.18156374,27.89747444,186.8522481
-26.17600604,27.88764864,642.1815188
-26.18236042,27.90123201,1512.452072
-26.18251573,27.90067798,164.378052
-26.18242492,27.90208537,467.0037089
-26.20202049,27.96045712,174.2529355
-26.20211628,27.96338567,230.5876787
-26.20229389,27.96400545,71.6393706
-26.20278068,27.96584101,100.3213529
-26.20449202,27.96445544,99.37969376
-26.20428197,27.96392394,138.8113962
-26.20438007,27.96321745,109.9273575
-26.2041323,27.96315325,88.88405719
-26.20409022,27.96288627,27.20483928
-26.20366815,27.96232307,218.6424178
-26.20329553,27.96128988,850.9862642
-26.20345009,27.96158755,107.5458644
-26.20307423,27.9605436,123.819701
-26.2032711,27.96072079,254.7667421
-26.20331203,27.96674266,938.1194433
-26.20354701,27.96784198,1094.322467
-26.20348705,27.96723381,314.4463469
-26.20388722,27.96869749,660.417866
-26.20404378,27.9691345,163.1343363
-26.20411847,27.96880069,445.2328884
-26.20378494,27.96767925,190.4491501
-26.20366832,27.96815276,282.4216265
-26.217811,27.97075736,104.9218696
-26.2176593,27.970079,30.74606634
-26.21781073,27.9703271,12.71615627
-26.21795095,27.97000473,32.99932402
-26.21816137,27.97473941,229.4485156
-26.21989817,27.98285486,158.6849963
-26.21966424,27.98232397,35.2799417
-26.22392236,27.98134279,70.82463068
-26.22404018,27.98125456,39.88139399
-26.22411912,27.98117073,85.88662069
-26.20763061,27.99292034,784.7988678
-26.20521507,27.9913785,153.7521035
-26.20522378,27.99079979,283.9830313
-26.20554242,27.99288386,65.29769586
-26.20571828,27.99276239,54.32846981
-26.20658679,27.99659737,637.3008138
-26.21070198,27.98514201,200.3775836
-26.21108051,27.98514758,362.3394436
-26.2110941,27.98603768,193.4361861
-26.21102391,27.98744767,313.6846183
-26.21203466,27.98822325,53.68021116
-26.22868207,28.02021655,351.7457321
-26.22084885,28.02553691,213.180183
-26.22075749,28.02620471,251.8482504
-26.22102414,28.0257088,53.44128664
-26.2135245,28.06611975,451.5957539
-26.21350677,28.0658291,232.422131
-26.21318717,28.06506825,239.2308803
-26.21338481,28.06562574,347.7137248
-26.2141315,28.06526179,90.45121361
-26.21392655,28.06524691,39.68240089
-26.21402279,28.06538314,124.2276021
-26.21448195,28.06612799,77.89912541
-26.21458772,28.06622927,42.05567447
-26.21311325,28.06578608,65.41419424
-26.21307564,28.06611656,71.42893626
-26.21351358,28.06639431,287.1387344
-26.21487602,28.06859229,142.3692621
-26.21501952,28.06848262,228.0830207
-26.21546552,28.0691586,542.0193808
-26.21529139,28.06936738,370.6106584
-26.2151441,28.06957908,155.4672824
-26.21544965,28.07059696,92.13148039
-26.21534207,28.07068751,61.21404205
-26.21463041,28.07149953,77.94372884
-26.21659784,28.07877326,1815.483282
-26.21611108,28.08062498,46.78792265
-26.21601456,28.0810404,14.95217696
-26.21607534,28.08125677,34.23621358
-26.21603821,28.08196776,114.0364625
-26.21594616,28.08207954,11.64725454
-26.21593905,28.0823354,46.79223555
-26.21599836,28.08258405,14.45698737
-26.21585034,28.08289901,29.54595273
-26.21598103,28.08301251,20.52273417
-26.2149518,28.08573532,135.9531933
-26.21446708,28.08549625,117.2170693
-26.21406252,28.08513578,33.91402376
-26.2136745,28.08531654,12.85958463
-26.22107262,28.14341837,329.4843478
-26.22101469,28.14368471,113.3303115
-26.22127496,28.14359673,171.501746
-26.22078911,28.1437371,30.71651075
-26.21950901,28.1438406,51.45892457
-26.21270895,28.18957924,1858.36811
-26.21271048,28.20640633,85.77525516
-26.21920262,28.21119168,3632.776515
-26.2271335,28.20392978,435.8440124
-26.22623919,28.20477333,74.11461391
-26.22992712,28.20358383,209.8682624
-26.23246693,28.20245978,307.5124753
-26.23251411,28.20281313,230.2435643
-26.23261278,28.20275636,185.6909448
-26.23348053,28.20389751,51.28188851
-26.23891053,28.20649638,611.4879682
-26.23587111,28.20639856,187.5295298
-26.2362048,28.20631821,137.9740175
-26.23657784,28.20635832,111.8906014
-26.23794398,28.21070615,71.92637656
-26.23799968,28.21053833,125.2265834
-26.23803579,28.21032487,166.3061661
-26.23890488,28.20973864,65.84226684
-26.24061331,28.20841661,96.27646299
-26.23401962,28.21346195,304.5333212
-26.23376468,28.21223591,59.33348057
-26.23194984,28.21229465,158.8868908
-26.23097107,28.21308876,74.93118203
-26.23053807,28.21236025,137.2950389
-26.23066326,28.21315006,198.0373838
-26.22183931,28.21353909,205.0660307
-26.2209424,28.21327776,154.3383255
-26.22117914,28.21467414,195.7520293
-26.21878798,28.21888542,939.00697
-26.21931231,28.21550028,807.9151442
-26.21894237,28.21603561,1250.789712
-26.26383477,28.21029479,827.5745069
-26.26475528,28.21008382,686.944912
-26.26488074,28.2103555,2809.504008
-26.26786054,28.20877223,728.2319361
-26.22093877,28.21004347,67.23724301
-26.22035674,28.20868783,99.37485913
-26.22705683,28.21236377,96.9085076
-26.22907505,28.21231347,117.8607008
-26.20951826,28.21070061,243.7337252
-26.22097048,28.19178361,321.7311376
-26.22058575,28.19067522,318.1999294
-26.21890802,28.18776897,393.5569734
-26.21892047,28.1875287,202.6848091
-26.19661182,28.20853346,2391.091203
-26.19605163,28.20937822,1500.38057
-26.19874204,28.21184639,1017.264091
-26.19832405,28.21279807,1195.086571
-26.19964252,28.21507154,168.3011348
-26.20044881,28.21471567,161.2117032
-26.20413949,28.21324982,474.3287766
-26.20495359,28.21339555,310.112416
-26.20512508,28.21362443,527.7253908
-26.20537628,28.21388747,271.8423471
-26.20607961,28.21481498,30.29309302
-26.20617265,28.2149287,58.3043227
-26.20672645,28.21577874,165.790773
-26.20381992,28.21922232,319.2385332
-26.20267674,28.21960618,217.6144347
-26.20245794,28.21964834,141.6679738
-26.2014533,28.21988098,361.3149234
-26.20039114,28.22008609,3291.949278
-26.19984931,28.22045251,1534.77879
-26.19881311,28.22114109,260.5414694
-26.1968416,28.21879146,1450.848786
-26.19938224,28.20618802,198.5046297
-26.19898226,28.20721261,202.2610355
-26.1655696,28.20367775,3172.527209
-26.16488119,28.20235208,2495.363235
-26.15310344,28.21049041,305.4758934
-26.15518274,28.20558846,7406.712031
-26.09441644,28.10701471,235.5724008
-26.09504512,28.10591673,166.6018517
-26.09454305,28.10623757,78.46304163
-26.08943795,28.10807536,478.2948706
-26.08846497,28.10836675,79.51958585
-26.08830651,28.10838701,33.21648385
-26.0880444,28.10841638,75.53742638
-26.08719219,28.1083971,145.0281001
-26.08660212,28.1082931,74.52908241
-26.08607379,28.10845404,149.9158088
-26.08559499,28.10592236,272.6911853
-26.09199739,28.10650242,101.7741235
-26.08813344,28.11478201,110.1707346
-26.08796905,28.11490103,91.70955254
-26.10035709,28.11996524,159.1948563
-26.11060146,28.1120995,716.6002745
-26.02703019,28.03107021,395.0907468
-26.02735442,28.03102394,85.4955522
-26.02707219,28.03185181,40.6766795
-26.02736172,28.03122488,31.99144233
-26.0274688,28.06009685,46.74153799
-26.02716765,28.05977406,91.32089356
-26.02729233,28.06005028,49.20323901
-26.02707587,28.05954482,148.3979084
-26.04372546,28.16809644,15565.82715
-26.04159514,28.16776149,19684.09895
-26.03988303,28.15684665,43.76903017
-26.03996817,28.15555134,50.83309022
-26.04662579,28.15647028,234.7286802
-26.04235227,28.16456361,1043.942223
-26.04297323,28.16436802,771.6638033
-26.0493632,28.1818594,118.3257102
-26.05022574,28.18468106,68.30287387
-26.0529336,28.18399121,61.3299386
-26.03305178,28.1912537,300.2357818
-26.03314903,28.20550464,197.434004
-26.00527057,28.19493596,288.0426289
-26.00153867,28.19481591,55.77960603
-26.01512308,28.19021507,286.9975101
-26.01609136,28.2423279,470.6962101
-26.0031798,28.24820886,344.294245
-25.98970708,28.24786686,574.9258089
-25.9940534,28.24040409,44.22911449
-25.9916713,28.23494577,199.5241638
-25.99127833,28.23340429,124.3468144
-25.99246743,28.23348516,126.0037665
-25.9926647,28.23342451,146.0331348
-25.99316782,28.2353491,102.3611383
-25.97852502,28.19578796,2364.775773
-26.01171266,28.19356385,78.63268686
-26.18665053,27.84960826,343.1569196
-26.18390966,27.85176332,349.0506513
-26.18363539,27.85369755,218.4379549
-26.18519845,27.84639627,323.1301714
-26.18215321,27.84332874,110.7443114
-26.1835027,27.83972451,136.5846853
-26.19081457,27.84234022,172.2404068
-26.19168343,27.84775428,555.6822466
-26.19229783,27.84875135,181.3898052
-26.19299631,27.85267798,61.85083017
-26.19348967,27.85906175,117.817436
-26.19429152,27.86242406,58.39107638
-26.19208622,27.86450765,86.81552224
-26.19297104,27.86452712,81.44260691
-26.19243193,27.86467223,69.07978333
-26.19008173,27.86456129,97.19553702
-26.19834449,27.86837924,93.31052137
-26.02242353,27.96372855,145.3258258
-26.01967589,27.96234539,67.53501543
-26.02138094,27.96631593,65.26032783
-26.02134894,27.96653713,81.47881707
-26.02118264,27.96672176,54.57850803
-26.02147622,27.96649256,46.12241745
-26.02539124,27.96063032,101.5948164
-26.02688917,27.9604305,567.699872
-26.02404615,27.95488232,4120.315005
-26.02209541,27.94425074,3047.900851
-26.02219242,27.95555273,679.21606
-26.2111726,28.36142584,176232.8115
-26.21705617,28.35448915,107714.0121
-26.21997672,28.35979886,7917.053788
-26.20815001,28.34725944,2106.400075
-26.20805031,28.34664127,806.2661811
-26.20607618,28.34805047,1496.048894
-26.20539804,28.34918333,6799.676072
-26.20461939,28.3507117,688.934789
-26.37944552,28.12669069,168.6514729
-26.33398321,28.1606305,31.01106096
-26.3326233,28.15639923,219.1207584
-26.33345503,28.15252964,96.43474145
-26.33330591,28.15229845,89.53964494
-26.21410986,28.1966134,830.7212403
-26.21441836,28.1965121,1324.53265
-26.20569672,28.18666328,7332.411867
-26.20556583,28.18781488,4082.989667
-26.20498528,28.19304056,1036.550746
-26.19087706,28.1731065,484.6400146
-26.18968506,28.17329795,1477.812129
-26.19469592,28.1653385,126.8835922
-26.19405196,28.1641327,182.8633616
-26.19887803,28.15311843,142.1001273
-26.19688172,28.1525621,382.9532053
-26.19818028,28.15264643,138.1973171
-26.19663009,28.15716908,383.1072013
-26.19607214,28.16969419,141.0897135
-26.19619607,28.16958147,77.13514879
-26.2002495,28.14767301,624.897441
-26.2034063,28.14550513,33173.82251
-26.20531888,28.13502118,1349.204975
-26.22396416,28.04842797,26133.15641
-26.22568127,28.04284487,11363.77176
-26.19522946,27.97979543,106.8249551
-26.19571856,27.98004499,1559.658429
-26.19538043,27.97990446,70.66670487
-26.1954759,27.97975025,83.42536247
-26.19581733,27.97959976,37.46643991
-26.19616137,27.97937819,281.1896622
-26.19579319,27.97890767,284.9975598
-26.19447282,27.97933661,370.8110881
-26.19491985,27.9767359,116.0317954
-26.1944809,27.97703035,82.4714402
-26.19463428,27.97690111,24.1879662
-26.18228659,27.96507197,93.44318356
-26.18643934,27.96171331,57.74821545
-26.18601211,27.96132069,110.6174721
-26.18615468,27.96064654,100.9135256
-26.18633359,27.95926557,157.2113736
-26.02746239,27.95857436,18550.43984
-26.02716143,27.95794532,1097.770172
-26.02045697,27.94484781,18748.17362
-26.01992168,27.94398213,741.4580396
-26.05707296,27.91056132,137.1798625
-26.05677616,27.91032767,84.37532528
-26.0586718,27.90799851,205.7477252
-26.05893411,27.90775126,167.2051963
-26.05855552,27.90769787,222.5624929
-26.05891063,27.90821417,122.8191295
-26.05905386,27.90796831,77.81056834
-26.05922212,27.91182503,106.3916659
-26.06036649,27.91233573,73.0831617
-26.05613239,27.90985736,92.12392827
-26.05584012,27.91160343,76.20763003
-26.04855386,27.91514592,139.4463467
-26.04758551,27.91216681,229.4165446
-26.04726468,27.91223153,50.19949441
-26.04840819,27.91096105,194.1765076
-26.05217856,27.91003421,136.3581233
-26.0663546,27.90855119,521.5835433
-26.06587856,27.90871525,56.87523154
-26.06651873,27.90881894,47.67716807
-26.06646146,27.90910856,162.5185256
-26.06573283,27.90887627,107.4823879
-26.06657266,27.90851518,152.7963733
-26.06169804,27.90979819,143.9506764
-26.06348884,27.90867425,71.05771373
-26.06978133,27.91349323,257.8634392
-26.07032226,27.91316119,114.4905435
-26.0680234,27.90997664,169.354904
-26.05786468,27.91162834,91.20228338
-26.18962655,27.8837763,125005.814
-26.19065237,27.87792036,3781.545296
-26.19169136,27.87794972,9955.03759
-26.18958572,27.87453875,510.6459438
-26.19007778,27.87710559,2010.713334
-26.01645955,27.87185423,2164.108378
-26.01601367,27.87408537,320.5913876
-26.01668703,27.87390914,319.6943715
-26.01560327,27.87513621,572.1444247
-26.02023777,27.87517755,213.3268786
-26.01929316,27.87469117,106.8016363
-26.01900905,27.87514706,42.16872375
-26.01932953,27.87527298,373.5266693
-26.02271343,27.87500435,271.5409872
-26.02154831,27.87751639,160.3852148
-26.02214631,27.87649799,149.1656999
-26.02244041,27.87927208,91.45491705
-26.02319575,27.88309608,84.90059544
-26.01889841,27.8792935,49.51900786
-26.21972777,28.30589401,445.4909469
-26.21993401,28.30551032,186.8437266
-26.21842419,28.30752148,132.7789777
-26.21812438,28.30922225,266.9960532
-26.21988576,28.31020436,253.3927425
-26.22145111,28.31307491,131.7164169
-26.22129591,28.31342969,52.5372702
-26.21606331,28.31247098,103.7979279
-26.21290673,28.31543514,319.8233942
-26.21293316,28.31880401,59.79467929
-26.20988734,28.31870477,1705.73946
-26.20789148,28.31904194,145.8290336
-26.20839707,28.31913308,373.9749546
-26.21025155,28.31275574,319.815479
-26.21151263,28.3147061,73.12620023
-26.21236252,28.30965776,97.71753537
-26.21599613,28.31308853,145.1040983
-26.1115379,28.38006758,5031.401512
-26.11202682,28.38041683,291.1114444
-26.1121352,28.37982239,489.6331834
-26.32635993,28.35946092,255.0529975
-26.32702963,28.35903428,240.3810348
-26.32675374,28.35970012,245.1282873
-26.32582825,28.36218321,681.5137676
-26.32710027,28.35735956,3294.53076
-26.20329157,28.15600464,217.6233711
-26.2027508,28.15893585,51.19341585
-26.20353993,28.15477445,80.57002844
-26.20298071,28.15878084,89.43366673
-25.98309311,27.93067852,1019.269738
-25.98404896,27.93218123,234.9643
-26.18791561,27.71436787,64426.32172
-26.19111303,27.71579342,3709.810453
-26.19157312,27.71324685,2918.4411
-26.19076699,27.71298346,1320.220465
-26.19111601,27.71497679,936.4196771
-26.19034942,27.71652745,3019.562133
-26.18992613,27.71624166,514.5709185
-26.18986582,27.71403198,4571.543081
-26.18998529,27.71484286,784.4678473
-26.188746,27.71216396,1579.517983
-26.12073308,27.78481821,20446.48755
-26.11851171,27.78664944,3353.907075
-26.11809669,27.78358296,10219.29296
