latitude,longitude,area
0.1331372109937519,32.55377726578213,1227.229856552453
0.1334825302098455,32.55301857426593,61.259956060090886
0.1332354231728094,32.553167741342726,140.15076369748797
0.14047628967253406,32.552528409647024,37.488180995591335
0.14065318636091767,32.55262373296065,21.974043932705424
0.1366522690203828,32.532063550254804,84.50694794305029
0.1406336444212751,32.53465754503544,140.77912236532683
0.1413728252189205,32.534953498881606,213.4808643242343
0.14307757106567504,32.53651801570295,162.68764902078368
0.14258393580621742,32.5364735035793,101.25830456107526
0.14279171599373505,32.53630870029921,147.9584233530279
0.14330516903909654,32.53680728010546,142.0440537890568
0.13691496455755567,32.543001476971256,83.96573595394482
0.13713345033969207,32.543420240779355,90.86398737747432
0.13714607899048206,32.54354926528245,113.67967705909018
0.13711731799517068,32.54379289156732,68.17268245282868
0.13613548338648676,32.54511043551086,61.4181261836424
0.13607305208736006,32.54496992642401,24.346723028606007
0.1360141351798211,32.544883176206945,35.60817751092264
0.13596027826235862,32.54502096133428,20.217794507835276
0.14433162551051576,32.54106333257759,58.96448204345148
0.14443242454386562,32.54119047082675,137.60593629465797
0.2008762129349991,32.511900488683644,238.29279308313838
0.2049502863371859,32.54803927066185,482.62528135260055
0.21002895104474456,32.54448393722448,138.12911179447664
0.20962222498365277,32.54437947288917,564.8524519767863
0.2072785026985196,32.5446720168188,299.25017435241324
0.20698962402031362,32.5439113217027,177.95725096251132
0.20662448336646794,32.54405600526434,226.89754498055092
0.20681993343107316,32.543227348100764,189.1247512042167
0.2094087191518398,32.53337239250201,35.68279860003663
0.21700187091987047,32.546468066778786,238.4569034211796
0.21375535976531188,32.58345893264098,227.75052175259205
0.22267238735025613,32.60712381832535,262.6495476248656
0.20868008724239495,32.61919410157502,288.97669959387656
0.24519263674130387,32.60664606517249,45.82072987284894
0.24628836689134465,32.60690189877311,720.3671056814925
0.24720028682564898,32.60760243279703,177.33322773841482
0.24734344514054218,32.60695513769641,505.5627546170341
0.24781045698127768,32.60722359331132,273.50170647457816
0.24766868595326563,32.60771112623655,332.74869001526065
0.24762448097009304,32.608115261553024,85.75906368634645
0.2519931103538243,32.604851668803875,231.58410836223257
0.25248112888599294,32.60487588387343,711.3265761371326
0.25213248600700794,32.60474089757772,42.5694074853785
0.25239036088413797,32.60524147340004,80.73757495241635
0.24711817252185622,32.606615845839194,756.0876118586503
0.2466208520418388,32.6089386512814,141.16383379105787
0.25590837974573044,32.60370214992131,37.54107942911551
0.256926754223407,32.60354723811034,59.22988543476108
0.2569820508385515,32.603022936289605,408.79080387651095
0.2575237608299609,32.602646547369424,482.36033288533434
0.25863998071990246,32.601968507676474,415.2777659885228
0.2487029853598412,32.59845497844659,2341.2052853953473
0.2491664828019747,32.598475907373015,152.77797394874779
0.2492399449893668,32.59803663718547,73.06598828043458
0.2482048865300609,32.59768033579624,382.25947337777967
0.24855662029195705,32.59717497225538,331.28390324826086
0.24890704445386527,32.59747632525633,71.99096665702733
0.24826021416873287,32.59726972936979,199.55681386846888
0.24895201081700016,32.59697614782078,785.8502400054085
0.24924037778089028,32.59679408921717,922.0574709828024
0.24960067296331048,32.59660123311355,48.126120978525044
0.2498724801172792,32.59650156678695,231.62375729227367
0.25115400357730483,32.59802692774615,281.59173306354506
0.23773769738035738,32.596291569019115,211.27277150458463
0.23778333703683463,32.59655790307175,55.72338831299108
0.23766955120613925,32.596655677248606,86.86104390419119
0.2380621395048794,32.59681353634484,52.12129032912071
0.2351330429881901,32.59504827597881,66.55431753061413
0.2352418845558881,32.59287633506082,83.6088821880383
0.23954397754020096,32.61014412387617,281.00844592973795
0.2392783744423648,32.60999298872298,115.90285851683434
0.2395097221812685,32.609880660172166,176.72276451024467
0.23939254434515012,32.60966459015861,467.57559495222335
0.24281873034084464,32.607364663141084,79.45589942646036
0.24427231609329783,32.60691820655611,78.71919212118772
0.245111845614474,32.61102661110374,37.59888859543396
0.24469845365366052,32.61140145754313,211.15581045441252
0.2444603273672919,32.61135863484852,247.45475243992863
0.24443842770343066,32.61201636047094,150.5303529228452
0.24456898970731564,32.61192323455628,45.40742309337129
0.24659158110321971,32.60407012271163,192.64995351191675
0.2466444755655269,32.60381770133743,40.742228134873905
0.25468672255866037,32.58879552161005,3031.489238383602
0.2543962174369281,32.58926773243162,2407.4850687777443
0.25418498398050116,32.58876308225873,264.22397576698074
0.24876019046690212,32.56790617720047,567.2070792951989
0.25015445501718464,32.566929431902985,334.5361883365313
0.2533821715770881,32.59186116165911,292.34190676116975
0.25317456388818677,32.592165860683096,92.47834535034713
0.2552871745721117,32.59191756804394,33.6712183226697
0.25522889532550935,32.59164421473918,26.788393684807893
0.2712993843698305,32.583754254391934,432.5186446850082
0.2729030421847718,32.581546453944284,264.1199823047654
0.2486135520603813,32.56395703000829,221.50751907076662
0.2479666877968966,32.5642913918217,39.92193574892049
0.2536020103657064,32.540093418516314,1865.7286069647594
0.2532095189318207,32.54032165164375,217.23772376034412
0.2542621121977411,32.53962140848832,22.913302099310357
0.2546689210780594,32.53975924494728,702.8980911425037
0.2568536164979951,32.53868245662878,689.8483514940327
0.2587909403191291,32.53967568443831,394.7788561538809
0.25995534694899525,32.538877235065264,394.67061209211295
0.26062846476777646,32.538624650011265,4350.347915506276
0.26129163404697237,32.53824786415073,209.09673652957153
0.26126813893854706,32.53803796617036,232.53440716342152
0.26143447374126416,32.53781160960601,354.41977272935156
0.2726721057166218,32.5285645785675,324.6877937932718
0.27422748015327975,32.527048267409256,643.5454692334417
0.2749489482465247,32.52731858988691,102.54472839384177
0.27503906006803136,32.52609987177903,69.98781068489065
0.27678079487603496,32.5251924826968,290.7381879840234
0.27834779575973545,32.52212038883838,250.49056154891102
0.2789349229417879,32.52171413167538,81.86276660086526
0.2778800365371896,32.52035178683221,238.00274087053396
0.27614405779140483,32.517789989341715,342.28494952851975
0.25394985971935574,32.499442835500396,2417.4902034315746
0.25588193202882425,32.501017332404174,255.79870467285897
0.29626965802013117,32.53108694977421,345.8871684434053
0.2976514687947572,32.528670142642895,189.43301644825783
0.3028434914634871,32.5069424705973,320.78953731854125
0.29789386517650135,32.50495995807796,424.4712376266697
0.22159493815337494,32.60877291787626,442.7810351483349
0.2651657489633873,32.59212374700555,210.86548195261918
0.26603956888653413,32.591675774158176,267.30280675066695
0.28006674780454527,32.62402957374256,115.1890264579755
0.28076246064125565,32.62321991764353,98.99156294167561
0.2805445768621049,32.62334434232146,43.834377355287295
0.28073565163724484,32.623418281154095,422.9448296200856
0.2804120567585884,32.62049589432975,103.45300686297598
0.2817571276726433,32.62002635270256,172.52084607665105
0.28200067090870495,32.618969003922544,107.17104085248138
0.28035479653588513,32.61518076301222,137.41377339127428
0.279746592401995,32.606721353002044,355.3761096872257
0.2792749039963121,32.606945022751354,143.15148538993498
0.2541950763705863,32.62848214124506,184.78253637326804
0.25427387765821047,32.628761851424414,102.81429569974736
0.2535177721273059,32.62863151650517,95.5632648505516
0.3022581197306439,32.595955512035395,1290.86823752363
0.30277452568116187,32.59596887573017,132.3185384342234
0.3036856957863264,32.59542666989125,2432.247790285739
0.3032647264118627,32.5942691969925,216.96259036293077
0.30473271072743285,32.59448445912491,1944.6776851939135
0.306268481841448,32.59237886593726,1906.8610484681114
0.2931557790203422,32.58454255086737,989.6788818559132
0.3059328664860353,32.579949550431586,709.4160786907696
0.28985347006173595,32.6032237284694,461.5089680028326
0.2942946611573512,32.63008629749484,690.0056292137501
0.2992021134916821,32.62457198810905,167.61662352700438
0.3014072848380945,32.62221934746557,101.11528880330911
0.30192161713061344,32.6214516101465,189.22032607954802
0.3020021851793027,32.62103100276391,108.52530563591037
0.30227506990302166,32.62092221535272,48.3289481293096
0.3028596814711289,32.62107330319759,39.60773099534115
0.30464093707109713,32.61992343531673,208.8976405025416
0.30916134925893934,32.612159230662364,429.7152521645555
0.31492785521584105,32.60428256547625,94.02546528179472
0.2906486682033302,32.59393003787219,126.39773089245021
0.28903456504834274,32.59325744201565,142.44290280679107
0.28583439407230904,32.548704387764516,841.2922216505981
0.28638199332820535,32.5485922035553,160.56921993789572
0.28606395283941227,32.549069510149835,320.0128497166359
0.2867861871079539,32.54908593914202,138.08230001262953
0.2824616509297536,32.55318726094851,124.38311611520963
0.277626792519064,32.55432920397605,1186.1273799975581
0.2774842859515852,32.553887620745,201.29537192300344
0.2663327704782136,32.56421968380483,1120.5553673734385
0.26610294613248586,32.564065173563854,120.81695578247682
0.26841373530817114,32.56252200177286,215.48818386270824
0.2696729043299976,32.561415795045974,319.49446609342647
0.2695987318680849,32.560958163908225,338.5133675509411
0.27000369302151195,32.561550574768376,273.14634264583475
0.2701694600173353,32.56122423241941,2632.2835534545397
0.2709101043348168,32.55978726057731,920.3075688531733
0.2716921247797197,32.559057407952494,5138.600481211816
0.2728262236746414,32.55825101405045,736.2180868719549
0.272679890805413,32.558636679386986,435.31704004729295
0.2739119129490158,32.558037207323466,863.0671690988289
0.2742008483225509,32.55738311698391,121.91040244936586
0.27147444013818206,32.55818347843356,263.530653132384
0.27081241377133036,32.55833403891937,592.1543327379259
0.292828592566005,32.542182193867944,216.19239633101236
0.2945261827973304,32.53655253137191,748.5303555421726
0.2943868020892296,32.53691261431884,232.1821502472871
0.295314726092048,32.53449863029163,187.298831282878
0.2954547241762319,32.53278684693712,275.11860743781733
0.2954383464784915,32.539691543960856,67.99053535596504
0.2931077042276846,32.524411160701284,1002.1425158413667
0.2942368847489903,32.52463769444825,144.79282641120838
0.2942292926430015,32.52444939249736,71.28367467448632
0.3424233655955893,32.55754471653454,1434.583781264132
0.32884978095913797,32.56257815261545,934.5037213747272
0.3284344671048473,32.56003684857986,334.6909029527796
0.3308789370013543,32.56052879777737,45.310380077504554
0.34510322657592285,32.54668963655291,217.17877137848097
0.3451903249483485,32.546967251015026,135.73534943453552
0.33541644119868536,32.56008377300206,175.12966144353965
0.3477438064380423,32.5851041863206,1011.4565668545982
0.34878544901661934,32.58161808013872,628.5067930620733
0.34161399488598954,32.57226357191606,166.5493726863443
0.3413604507491548,32.57288729561654,104.55717268988319
0.33856469823310503,32.57301358502792,91.11769852957401
0.33879306368191864,32.57338894790923,681.5678919889657
0.3370508159747858,32.573540541821764,51.58443008134376
0.33953530726665926,32.53409521053186,506.4741197406749
0.3391699008105823,32.53384567394357,848.759134003351
0.33937324290956544,32.5333392501826,268.3906303991023
0.3375584762235187,32.533695402603385,58.161100134196936
0.33510335300529137,32.536446292666334,532.1888835962563
0.33792122891779347,32.534763959176765,83.54679698151007
0.3186461700661779,32.53661786304077,209.9583690477192
0.3184666717805834,32.53702971275095,992.6350232693903
0.3183584501396118,32.53856704169056,62.74373855289578
0.3154199917754118,32.54063702498408,1505.37930607553
0.3152190540730263,32.54025195663079,130.32510595499863
0.3168706756835984,32.543190811030755,27.192860703193933
0.31661136933910156,32.543533096917955,57.2619415674357
0.3165297519625232,32.54364536734829,19.499059134819976
0.31670216101018817,32.54253991708956,94.23769240076827
0.32004786276865943,32.54129257446586,111.09501830941262
0.3014816752397202,32.52654499866618,129.4012628936739
0.4103643111494677,32.57575297647762,95819.11461301973
0.4009846340490632,32.561011861546675,983.9381282481813
0.4021755395328983,32.55640366265346,284.0084387915342
0.402978383984575,32.55850328407625,477.3282674143893
0.40362145886265666,32.558394748137324,96.82364861893103
0.40369427459394724,32.55814747231354,184.4293754266642
0.3989827085028273,32.551590159548596,998.2470579697037
0.3274473069387266,32.64491044978594,3467.9979126333333
0.327487451647269,32.64442657312003,661.4607011015288
0.327843004809246,32.64351223573948,274.6986201915645
0.204991528176001,32.54364375784576,171.3464973940436
0.20471910991607065,32.54431195857277,69.74002955250505
0.20456022853683978,32.54363148166553,178.11199505655634
0.1789892041931378,32.54950749702938,50.77083692933257
0.14891595015460973,32.54608355221813,49.331168075876946
0.14893729399987043,32.548815240118664,47.94084300264987
0.1446190860438489,32.53803847773935,789.4587648403872
0.14825095726054893,32.54312523493894,39.15331108052424
0.14952791441463065,32.54317749711446,33.14103064551657
0.14959604375137897,32.54150038254355,76.77627749128143
0.21357080301049125,32.60493829185798,72.07839152012126
0.24593670571745113,32.60647440531205,37.02166052052362
0.24650338728437046,32.606536148114415,57.20259895667634
0.24610488321425608,32.60583819931872,58.25357508456114
0.24668540392535918,32.60502669542833,24.858381504831605
0.24804948209978564,32.60068898365681,68.26293941328915
0.24849614827636268,32.60076742324614,116.02487290896761
0.24925830637118382,32.60069814048219,41.84956197142427
0.255355107829483,32.58402853246979,183.17888143578747
0.25299867243327784,32.58186247175491,736.5772427881549
0.2416863041389974,32.58565243777195,36.41953733727998
0.2498729582070839,32.58210295160781,73.71649673139868
0.25516200199702427,32.57767761259457,493.0058183546422
0.2586162142744501,32.57489601622578,472.46121755521347
0.25877886499499125,32.57527484841107,93.13316921538292
0.25780843889300936,32.57459785429428,114.96267864624618
0.25780721962907677,32.574191696984194,80.59879811898449
0.2589328211903216,32.57343469665087,25.212789114339152
0.2586615808512668,32.57267673293831,528.0900541454952
0.2600546268784843,32.56991547132685,571.2673482964257
0.2603762805119504,32.57012867812624,148.30508536203774
0.2597980903006147,32.57038174380517,291.13865897255715
0.25929884594831853,32.56944064941904,307.19702358354436
0.25926531204629244,32.567375680554576,204.39734700163015
0.2579624251333121,32.56722570835533,38.912189939502156
0.25536684007491967,32.56486044150371,341.47572728610294
0.2538464786126268,32.56446847945152,127.30388207976326
0.2515545420972768,32.56617453545741,53.537073749453256
0.2553580773362732,32.57598553595627,50.45526506561656
0.24796798868166633,32.57260971263692,63.0935191762748
0.26096163892962215,32.586607350423414,50.50507631062615
0.256829117884881,32.58799210257625,35.14522881215801
0.2556701324058444,32.58876766393592,105.02174406814021
0.27409073732431377,32.57298942026613,44.73017299581762
0.2739967213753823,32.57291325608904,26.652972909373787
0.27483661340282634,32.570796787793434,74.93885227986145
0.2789292563193801,32.57685970505103,152.35131582924484
0.279165845348925,32.57613192619864,104.91669404076671
0.27870056049920394,32.576528295000536,116.8346075450294
0.26210204255135866,32.598057368167616,104.23623353773932
0.26104733522617696,32.59849637364782,117.7290140170732
0.26082037798789337,32.5974024877548,54.30393205259544
0.26059136905136865,32.59754461513791,83.7652448232114
0.2603924442572463,32.59763524426524,68.05137946620813
0.26001777402460985,32.59852931107343,108.29113494898648
0.2593165118913515,32.5995247675604,39.270510697003495
0.27132240646732875,32.601214476015386,65.89953701564424
0.2710997200263989,32.60183092711138,30.330425913456484
0.2751166140863486,32.60530557338785,70.1330887916473
0.2754418198035983,32.60596152511087,36.24997804437058
0.27528325909810364,32.60492564636111,19.391487408761275
0.27536666294199025,32.60498510176558,10.907720809745678
0.2826597900775505,32.60094951893545,57.60043937722294
0.285404527731506,32.600172603826174,38.75053052720893
0.268307953286315,32.599212276752276,24.885196130733053
0.2680421923589278,32.59945521239089,15.996472603138109
0.2990191518712931,32.58397318373078,91.46209179606721
0.28813551317498387,32.59457268572736,92.78461254065212
0.2862176487897375,32.60276070607979,81.57062338659563
0.25414547293138595,32.5680247997719,43.91140114889576
0.25486805117253736,32.56773477035405,22.45732508426952
0.2454521582323018,32.57009555299247,95.9217728584631
0.24510252110734979,32.57021498289778,62.19384926069373
0.24242143375366926,32.570825895535506,98.48406410907458
0.23799521848058228,32.57199328600732,33.48435930635316
0.23369166459307492,32.57275406425308,47.956053492670904
0.23075358483640018,32.581496697479636,45.920699200942366
0.2311626870641648,32.581914467617196,33.10494474532509
0.25578530389797843,32.509833706299645,73.20597747861339
0.25576220896340185,32.51023530149411,34.81421102191646
0.2550933308420525,32.521020725922114,179.87830165798266
0.2568751231982166,32.518777630702104,59.36274769424311
0.23240869869622735,32.54630098762385,46.66540211283475
0.24320702904721772,32.55580250475171,51.98865851331488
0.24308014238472342,32.5558098035338,54.63448948631818
0.24480436452319676,32.55559333106532,43.93203525959797
0.2529958690165241,32.56082244850036,28.55667598258535
0.26385822259029795,32.565999089446265,65.32146615522964
0.2637112832079295,32.56619055090198,65.53633954025844
0.2648150940622456,32.56596587069556,31.408477530653307
0.26600341473341976,32.5654350082061,109.38859133903102
0.2706281414624029,32.56476986140134,32.81932980033867
0.2770118088814153,32.556742991773575,80.04134153096736
0.3037616233896066,32.517869124798644,58.78201069067139
0.30217418446619715,32.52022842367593,56.68378880501551
0.301053626009698,32.52377605110635,117.09236792369276
0.3015035160841493,32.52407712434856,39.373366140630715
0.30062137743383954,32.52418638783645,76.67197794129994
0.3021812393860846,32.529069314801994,248.36919761566145
0.30310757297605095,32.529600134952894,299.72704226219656
0.3036761783964126,32.52934433465383,296.8465235210652
0.29290718393383625,32.54153839448477,425.2589657395136
0.2893967335369187,32.54103899723025,54.90771326847767
0.2893051089430836,32.54085365462698,52.83270220047894
0.2892629455216945,32.54074753296173,24.43531475802248
0.27775751544013866,32.54412651992674,71.39063987601288
0.27877595292213553,32.54343334276363,48.02383741982987
0.2837377812103247,32.52275688263887,65.8251749968593
0.28308984272517196,32.52330613071076,14.628983351484283
0.27950690612141127,32.524262837556876,90.02688280122132
0.2761667060374911,32.52768028139839,70.86824780687549
0.2714108107075773,32.51929203248206,148.019599863071
0.3008981897821492,32.511086227516266,80.62991620272335
0.30113371032968356,32.5100060271732,158.18111105177968
0.29581492912305135,32.511441922277946,104.61513683477978
0.2956746449239523,32.511544945893746,72.7168386509215
0.29543923874986594,32.511500151870734,31.756832025608574
0.29167892362828945,32.51203605183977,69.51546657390728
0.2532966422693853,32.50507830133618,155.039393190091
0.306703956878343,32.54273748397492,36.77305388178664
0.3076184187319137,32.54166569384569,34.41184258390245
0.3104986535055112,32.51908100407583,103.48398879894144
0.3150116031192596,32.53999247871164,35.24945036148058
0.3146179823504182,32.53972932476118,48.73002014292313
0.3190066959708767,32.541037169099894,90.52243179203661
0.31946777358762046,32.53177247013863,203.1692631590266
0.3193257148170348,32.522176352477416,106.35923812427944
0.32146853137256043,32.52298725361335,491.4553777863911
0.32163129497897514,32.523396131488255,115.69382940927146
0.3218425658617033,32.52534458380807,77.1455945921669
0.3198496145311945,32.525016914745514,56.53374384537274
0.31999792333190774,32.52506354049287,18.877293092813975
0.3148619962516219,32.520983918994546,705.6205383349801
0.31381850364766734,32.52287267468185,69.50981732148671
0.33782857806181,32.53332046153432,202.95119628798187
0.3376784168790355,32.53325587380415,186.34062471437
0.3320933676583015,32.5425556707114,117.80129827239168
0.3223610171042607,32.55217314492447,310.6907805749912
0.32276280881939357,32.55203087837804,224.57308096531855
0.32257062376279877,32.55195575046812,134.03094091933315
0.35072283039459684,32.56753095279668,529.6301348174894
0.34616654909011124,32.569699095112185,59.128422447309326
0.3458966022626205,32.56978214031337,104.98755011043592
0.34593179840476884,32.570039651883505,104.72187232629277
0.3460835062231564,32.570437792100016,36.82642726225734
0.34798105472561663,32.56763172287274,40.10250798175332
0.34778641635136953,32.584136385859615,131.787116932887
0.34711919823649845,32.578783782734924,163.9341454322134
0.3382668499520124,32.599465055081545,162.36780877186672
0.30867219086567493,32.59922222028811,157.75645112428344
0.2831700335134082,32.62806732745075,226.59251871914697
0.2548826891040728,32.63032071206491,124.30325623332475
0.25437466645068174,32.63046715663939,53.914203956990114
0.31903425947136227,32.5119640258076,153.72168201373628
0.33525088881825754,32.52155212866739,279.74562638413084
0.32715486131772153,32.51823853166592,72.39004416655388
0.3247930853502614,32.51308563606071,53.811127188158764
0.3168867430957954,32.51239125423717,115.4413814197712
0.31332481711696686,32.50984064320884,440.7149471886357
0.31408536682582,32.510887368258615,114.39673612970073
0.31465326985355535,32.497408443625574,504.7403496016452
0.32898636624154837,32.494365568965186,161.33742106221882
0.3473769896543562,32.51307331380224,55.44001118660571
0.34700042003381265,32.51288165014262,52.08813612642155
0.34736951750348,32.51283864115296,41.8676432504416
0.34751936275531214,32.51287880015486,116.05031096208059
0.34761929115620577,32.51284519842414,43.78979695278138
0.3490862379958919,32.509783460900934,52.23534502933804
0.34891295268952216,32.50952864457772,33.29893118431672
0.3485038324598926,32.50911539214809,593.7001409381818
0.34852463742225426,32.508841492597995,189.95949312022356
0.3483527787647444,32.508938004493125,75.09653209731616
0.3486273599251795,32.508537536548985,182.0613325708412
0.34751794429737354,32.535951909188086,566.8911591848162
0.34752725827655523,32.536230862292705,139.6037697918283
0.3474027202552789,32.53291589424303,838.4537538867819
0.34746906036460307,32.5336630711995,319.56397218049824
0.34745329890799487,32.533175987985786,135.11257357048007
0.34782803062866835,32.532030143274774,572.0259495004491
0.3484595653119219,32.532889427077656,754.3065167002854
0.3485392742559614,32.53334991957,279.3713788705526
0.3489237895554691,32.533252105642525,80.61888338961161
0.35014324225394083,32.53153560646299,190.37445519515248
0.3502195898293826,32.53106164995422,89.68632235105366
0.35068929263322995,32.519003323399396,139.10857190581893
0.3373067650252772,32.5233915856533,315.257366228129
0.33704613472057704,32.523395297682825,30.3937517075435
0.33609441142229685,32.522820511443506,885.8025908850274
0.3453901032082476,32.52682270211641,197.71981272242786
0.3452881733847685,32.51772778187567,253.9325784226114
0.3699760215740814,32.516179725302635,110.526306991122
0.3565085388388435,32.525673787237864,134.6270288575196
0.3689144424762963,32.55802435971143,106.12667204675797
0.35333258465688927,32.57501345630315,404.26956903695276
0.37275601028633554,32.582201365121584,205.4106577322705
0.3765440800151975,32.569180029915834,234.0671826696034
0.37608399913013874,32.56955797022281,98.04266084133528
0.3493494495382757,32.54562764085825,268.3649431583691
0.34915661700883655,32.545375924825606,293.59327585285143
0.34948425395562277,32.54460036643366,319.1894662825809
0.3499606572990884,32.5484073358317,205.36099269526972
0.3497778760999182,32.54739342304351,332.9663214746576
0.35171428245116015,32.55284334104932,190.71052093450166
0.35180420765793674,32.55236513108805,615.1172951426537
0.3529445499057112,32.53997460677571,167.6247772935403
0.3537310118478392,32.53904442257212,58.65364800656536
0.3547609804047861,32.53878366652798,197.3043838974833
0.35522119845324335,32.53950049651916,43.39296229311812
0.35706844432869156,32.53973182084398,120.03961158364719
0.35703268745422495,32.539080675181474,87.31192594534892
0.3572533259739882,32.53895888286523,107.52602223304449
0.35770834183609124,32.5380101781637,54.042332316175894
0.3594771974986673,32.54264667551291,417.9669688885378
0.3590022172335994,32.5417227218259,58.85234034050375
0.3614181237404902,32.53943473645276,160.09573704302187
0.35999058926704763,32.53736958433216,65.88938598082291
0.3646564667222917,32.54106920472538,193.40254787433128
0.36648950665040475,32.541422544916436,100.29348211265678
0.3664002159466979,32.54170327005017,184.43642275180423
0.37025184740151384,32.53430375646705,1502.7041082670637
0.3704620548847655,32.53519320820485,226.46189697322046
0.37207576402818343,32.53496841422957,560.0751372415758
0.3732025139764354,32.534595791363934,81.45176838687486
0.3729931986969069,32.53477062137416,92.19282719919158
0.3738494332335283,32.53639777757302,102.48798894791855
0.373993387780031,32.53893293092249,314.3015437135887
0.3724811458526645,32.542033760226694,93.58014841748484
0.37187941146891423,32.542179981336595,154.49656903304304
0.37353340368722565,32.53336279514095,112.93722433821411
0.3802980616396588,32.53315493503476,449.14538424198633
0.39035844681563514,32.53296271338633,58.82003293530018
0.39835521180052413,32.53268473601687,86.03286075348159
0.3978148656854278,32.5327309684307,265.83700919165784
0.38794287713166525,32.5333056880894,57.7440365502169
0.4004560363282779,32.517658341587484,456.44482655115576
0.38710571251257186,32.51948584158358,238.0458163400162
0.4139513686425697,32.53759539547825,220.55211339232994
0.41286920750683204,32.57669059093027,312.65567662425224
0.41260587896480694,32.5774494995036,347.8881848474918
0.3600730861215842,32.59238552842638,423.38170792118524
0.3756969736791316,32.59033276771428,446.8390085120245
0.3756723223831275,32.59086251004953,75.89527441601368
0.3839380938168494,32.57888078402959,332.0979169231347
0.43342480198941746,32.61673122270135,169.80655950732535
0.4339002232505391,32.618323384284395,132.75948187839194
0.369538170973989,32.57202572445044,802.3234714143586
0.40323411862925024,32.59559960597967,1084.1444101643444
0.4034769252049436,32.595874415794384,532.636510036247
0.4517495133700782,32.60429388088192,412.0666365053531
0.3598824936573624,32.65158777467151,373.6998959713445
0.35938158907247364,32.65162345837305,307.3618439773419
0.3606646162334592,32.652646320471334,69.43399853087645
0.34647839065490854,32.63911632959496,490.5675670419887
0.3577907774566678,32.62254918032024,299.4626261573513
0.35597244007504075,32.622764188409626,59.327761590269624
0.3368215937363265,32.634717509797106,630.0681374920472
0.33729409309864977,32.63545776797776,330.2851808212746
0.3372925337702639,32.63508600397822,98.23823490686515
0.3366607935152526,32.63703678902886,573.2283601803932
0.3370632659452548,32.63844138749993,46.1123205351238
0.34470364983957846,32.652666317763284,5291.849979461689
0.34584912810743407,32.65434650597896,531.8889666555914
0.34588760894330595,32.65502058349678,435.42922042111064
0.3456296521633311,32.65421546672384,643.5763364617129
0.35005694446039043,32.65992302510771,1681.3412274166117
0.3511105520375213,32.65921746107114,1550.3550539645696
0.3506584678746974,32.671499758018136,307.1872206246851
0.35037840107950524,32.67138097501623,381.4333595591203
0.35024489371186696,32.67032993092112,75.67089706804046
0.349479544213866,32.67004772003164,32.32577090176587
0.3469500136544526,32.66516132043183,192.1832818604906
0.34647870211313647,32.665166368596445,33.84951760002625
0.3389909771422506,32.63467816174952,175.59172126051172
0.33870530671217514,32.63532452486876,129.4287411415487
0.33519635573361595,32.65029698146191,603.3506432399284
0.3341110727566111,32.6487805192046,91.28188754031744
0.33469989457535504,32.64404942121608,136.69628967974688
0.33518344526510413,32.64057727558656,101.15671655189588
0.3346225909476111,32.64074083719945,41.33871823463524
0.334711933698603,32.642421325317606,13.593608322174777
0.33469149888386385,32.64189691999241,20.13387521851712
0.3346426122112212,32.64109840964577,38.72291744074242
0.3351907089038447,32.63295850457727,137.90178718589402
0.3352372995956949,32.63340049730111,152.59112602373236
0.33649544453045077,32.63419381260827,1288.1737391575716
0.3397655173968261,32.652691108927584,42.43526403401718
0.34408560971137947,32.65424781604188,198.26600349937576
0.3396820486480502,32.65686262476229,96.16872168956164
0.32923793985658956,32.63442938376514,121.7853517893597
0.31771172938305753,32.63258285190125,155.63459713915515
0.31749076062361753,32.63177486094113,89.3463483232782
0.3172205695910097,32.63236055182071,112.23274131211537
0.3176017031886842,32.63446433632966,87.07744144616098
0.3173338585807531,32.63463479427278,59.8586614240841
0.30769683335002934,32.630579591207905,667.943441764186
0.3088257028253381,32.63090807453646,364.1305156703509
0.30725552037616644,32.632502976203774,119.5151915853303
0.30750255016108025,32.632776272115535,58.62633280468915
0.30247967137228116,32.65723467274865,963.616644322059
0.3031579239200976,32.6587610936018,124.45372622124262
0.3041823332600749,32.658631990640224,2207.562595372194
0.3048708790888392,32.65814346065351,1810.4058407827984
0.3054205830739056,32.658334276843235,70.55498620594587
0.30670818482312534,32.65948010804371,55.67395080420161
0.3064698140451928,32.65939100076569,46.547043536097796
0.3100190893598303,32.65978969109908,320.0942227635903
0.3099540869592313,32.66071183615525,87.7792498719917
0.299515593300647,32.65719863288917,72.16618002879366
0.2952505270127949,32.64803186839853,182.42463232118578
0.296270169653656,32.648792840521175,91.94390643332096
0.2959398725903293,32.64876236626037,146.8958230120301
0.2940709219752181,32.646633518639085,142.4332257991623
0.2951039811203985,32.645930316804936,61.74575426497935
0.32528951597417,32.6526684472138,189.5087101258529
0.3278788279132445,32.64934976781777,76.1533989445705
0.3272877002510184,32.6498884529799,121.2543558262
0.3270268617721091,32.64948367241913,323.2777373005724
0.3250740628373071,32.649789968899135,129.51440916761248
0.32520216260659385,32.64966467965824,103.89042528694989
0.325057890777873,32.64957894060388,147.95680058525306
0.3252050244456698,32.645727213952775,436.05635109137575
0.32634163516522235,32.646144882790814,271.9685573708689
0.32760218014019404,32.64268164118879,193.68904688526925
0.3263540632795795,32.642581316772976,71.04046280926347
0.32622335585055107,32.64280041614125,375.35660503997514
0.3260441196369854,32.64125290440999,83.7341772757825
0.3259904873824958,32.641566212693185,126.72121364336135
0.3255112124052482,32.640439592339284,141.2530966198787
0.32536030687501954,32.64067741505601,224.66041901771518
0.32444726397684226,32.639626657015455,164.84860748772567
0.32873178643285966,32.65347006303779,309.55233734675033
0.3312532426665195,32.65669697539129,478.32264414132777
0.33251953989731364,32.65673130402309,120.29101606510213
0.33230491159161385,32.65675847078868,78.00605519633696
0.32983490782409547,32.6577571131063,731.443235593828
0.32959358005900724,32.658189379458506,114.80971034236264
0.33011300551840506,32.658320150483846,108.09166418294758
0.3305990535514464,32.65872002055484,319.34398311000655
0.33028930160006953,32.65916987619906,429.8234503889083
0.3457632326785357,32.65483989620442,252.7953911068858
0.34499550103104254,32.65257890475001,1406.4699444581029
0.34957917023846363,32.656965515371056,435.9778159489979
0.32839464268691293,32.67845785607619,141.69585332830397
0.32774450580126363,32.68038640953747,191.558756495288
0.32570747080159346,32.68101376629555,90.140209384167
0.3228893704603014,32.680087414255894,41.16034350092331
0.32281595635344046,32.679843723299086,75.78170853441978
0.3203226973291519,32.681756289746694,90.08819968105128
0.3156185477421784,32.68197764544177,398.0458160541664
0.3160364626796791,32.6818725061937,103.34683210573355
0.31544721782747936,32.682382317674104,238.82958716442135
0.3127511365434595,32.680640089092314,73.68604742745006
0.3033019344524083,32.67584032354945,432.53929240922355
0.3030806195662425,32.67579635792514,165.75332762492124
0.3216555542142491,32.67276096061154,176.3630355794318
0.3229556603080876,32.67335453218977,106.74877824820874
0.3240238385916979,32.673164045607365,182.35414260122369
0.32375559994727426,32.67334651750232,320.2517422884452
0.32493157212918167,32.67301902866898,72.65767680250994
0.324567124025283,32.673251665255385,66.68991177557531
0.3245119338279922,32.67340132719505,61.885722597524406
0.3257371041601102,32.6704304580106,800.124783652431
0.32598328573958374,32.67078218773051,203.69161562110625
0.3264968570886419,32.67022213681593,46.077540409274526
0.32637527892848817,32.6703015642968,49.46574481370574
0.32585119860710793,32.669406163335076,98.55762969543456
0.3273222068585608,32.66983452547148,121.92819720422922
0.3258501068604214,32.6687481074675,321.1535318527015
0.32598856286704314,32.66816352733316,90.29083156975065
0.3261373686245116,32.66841225655486,100.94312716684885
0.32623449913075925,32.6681471451401,60.90773116988849
0.3261781294872896,32.66775814262267,1885.0132226413477
0.3265450031432554,32.66758819434486,89.76280359184493
0.32607374355997315,32.667414846305476,108.31849364663844
0.32614144395928235,32.66703395377216,477.560243086264
0.3284383221863495,32.66539704148951,83.46536388490344
0.3286432970663392,32.6648760941086,226.47311035400628
0.3303299120558818,32.6667108553595,148.37251554783305
0.3336148996983893,32.656705239236686,281.1513139029139
0.3350057783384176,32.657118701995515,77.91975578971862
0.33504274025710873,32.66328116729974,327.37368537511117
0.3350443916166333,32.66359791229049,105.54670491805543
0.3084684163604671,32.65227073066524,109.1357582967517
0.30482300639240173,32.653331088174085,46.34939816632965
0.3601001291814744,32.62433207492164,127.4903688463546
0.4290204412366911,32.594614008784625,139.33234885865193
0.4298342030226144,32.59724488198605,126.48315086541544
0.3799762459443647,32.6038557278649,259.8356389812019
0.3574612342268801,32.708399348156725,277.614957452694
0.359303761030161,32.7079964965825,110.24484038308036
0.36306802568539814,32.70693878463513,1534.4818054694656
0.3584040876943345,32.76394735578362,723.809108329066
0.3038071997520728,32.50721522022488,40.30508901648159
0.34459831502182353,32.531614968923186,290.54982970781896
0.3416961384533624,32.52823682191204,77.27659042979386
0.351151187126304,32.549119443889296,200.93406563793255
0.3506965293817682,32.5549227944636,191.34448766620045
0.35053855152157265,32.554631294875776,19.481933298216628
0.34974052278072526,32.559297623149035,46.07471391512498
0.36377117521723157,32.54684574098538,50.18283616487234
0.41211477995808615,32.544444775100864,827.1043086901265
0.41280617911330225,32.545748144506355,558.0554257594224
0.41253116116709704,32.54615179987803,108.1342915769414
0.4123045848399985,32.54634346269174,561.9801753205949
0.4121221650945626,32.54581099637235,1763.8445467488284
0.41176998954144856,32.54537272824561,1103.9290521545067
0.4116317482328633,32.54498294452205,407.6375445021717
0.3977680988696119,32.564432129076,1667.629518648651
0.4093590974694089,32.54103186434861,380.2199696331118
0.4096858733818936,32.541444387208415,1518.8617651291552
0.4097513989896927,32.54215639926028,639.595557311919
0.41021379836719724,32.542443863150254,109.57223109280284
0.41041211245114434,32.542624777519215,55.64435540485742
0.4102286464233232,32.5392631842986,139.20184731250143
0.41025699792646714,32.539043304603524,136.8900752461286
0.4114365584961138,32.538322426335775,653.8337899920961
0.40763242797061233,32.53990820452887,159.10864981333611
0.4089814373592077,32.53957158200778,55.513778036633795
0.42826318597415847,32.532861146052326,98.68249918473343
0.4263966822274959,32.53284452000171,112.8308586577913
0.4151483585946057,32.53756361927415,129.64603970347926
0.3409175177989595,32.52735033918521,125.97959216273955
0.34051972122074986,32.52688213972115,78.2545377611181
0.35121343926478465,32.54004698769233,104.07529793179496
0.3469157692849442,32.55462747380684,69.0882782106749
0.2835861828304687,32.573132536174946,42.604811860295605
0.28403211986604743,32.57381575758807,14.085785831245477
0.26932931215263173,32.58498568600106,91.37986785103554
0.2497652803136574,32.60492664206807,77.43538103499958
0.24923143462794622,32.60213358763376,55.01604012193012
0.24028558522353807,32.6018589758925,38.24287062939595
0.3716801447214356,32.51639304164851,128.02419203282892
0.28079997190882255,32.621796315573235,78.06371670590133
0.2805373920719726,32.62146936091708,82.35047859050043
0.2736599782116639,32.581584914423914,76.55224289310482
0.39147521168431276,32.54606413595977,276.53593451899326
0.3970699494666747,32.57250602063601,1026.7833752174108
0.396792455575511,32.57234181880986,248.59037776419947
